"총무 및 인력관리, 서비스관리",월급 | 180만원 이상,비정규 | 주5일,09:00 ~ 18:00,담당업무 :  - 서비스사업 지원 및 관리 - 인사 / 총무 관리 - 어르신들과 잘 지낼 수 있는 친화력 - 외부 협력파트너사와의 협업 및 의견조율 - ...,경력무관 | 학력무관 | 서울특별시 강서구 하늘길,https://www.work.go.kr/empInfo/empInfoSrch/detail/empDetailAuthView.do?searchInfoType=VALIDATION&callPage=detail&wantedAuthNo=K120312011260031&rtnTarget=list1
"자재,외주관리 정규직 채용(신입사원)","연봉 | 2,300만원 ~ 2,500만원",정규 | 주5일,09:00 ~ 18:00,"담당업무 :  *담당업무* - 자재관리,외주관리,자재 입출고 - 근무부서 : 구매,자재부 *자격요건* - 경력 : 신입 - 직급/직책 : 사원급 *우대사항* ...",경력무관 | 고졸 | ~ 대졸(2~3년) 경기도,https://www.work.go.kr/empInfo/empInfoSrch/detail/empDetailAuthView.do?searchInfoType=VALIDATION&callPage=detail&wantedAuthNo=K120612011260038&rtnTarget=list2
"아파트 관리소장 채용합니다/이력서 팩스, 방문 지원(전화문의 사절)","연봉 | 2,400만원 ~ 2,400만원",정규 | 주5일,09:00 ~ 18:00,"담당업무 :  자치관리아파트(1동 127세대) 관리소장 업무. 주택관리사(보) 자격증소지자. 소방안전관리자 2급 소지자. 한글, 엑셀 사용 가능 한 분...",경력1년 | 학력무관 | 서울특별시 관악구 호암로,https://www.work.go.kr/empInfo/empInfoSrch/detail/empDetailAuthView.do?searchInfoType=VALIDATION&callPage=detail&wantedAuthNo=KJAF002011260001&rtnTarget=list3
라메르유한회사 경력사원(이사급) 모집,"연봉 | 2,600만원 ~ 3,000만원",정규 | 주5일,09:00 ~ 18:00,담당업무 :  1. 회계업무 : 자금관리 총괄 2. 임대영업 : 부동산 계약관련 업무 및 관리 3. 건물관리 : 당사 시설 및 설비관련 관리 (소방안전관리...,경력5년 | 대졸(4년) | 서울특별시 종로구 인사동5길,https://www.work.go.kr/empInfo/empInfoSrch/detail/empDetailAuthView.do?searchInfoType=VALIDATION&callPage=detail&wantedAuthNo=K120122011260013&rtnTarget=list4
"[연봉 3264만원/주5일/일7시간/식사제공/정규/잔업없음]유통물류센터 제품입출고,하차직원 채용",월급 | 272만원 이상,비정규 | 주6일,,"담당업무 :  갈고리이용 물품 하차, 입출고관리,운반, 운송, 보관, 재고관리,반품관리, 적재,보관,운반, 분배, 유통기한관리",경력무관 | 학력무관 | 경기도 용인시 기흥구,https://www.work.go.kr/empInfo/empInfoSrch/detail/empDetailAuthView.do?searchInfoType=VALIDATION&callPage=detail&wantedAuthNo=KJKX002011260004&rtnTarget=list5
[성남 분당구 서현동] 효자촌프라자 빌딩 관리소장 구인,월급 | 320만원 ~ 340만원,비정규 | 주5일,,담당업무 :  •건물관리(시설점검) •입점사 민원대응,경력3년 | 학력무관 | 경기도 성남시 분당구,https://www.work.go.kr/empInfo/empInfoSrch/detail/empDetailAuthView.do?searchInfoType=VALIDATION&callPage=detail&wantedAuthNo=K151132011260010&rtnTarget=list6
태양광발전 업무 희망자 모십니다. (초보가능/전기기술자우대),월급 | 215만원 ~ 250만원,정규 | 주5일,,"담당업무 :  자연과 미래를 생각하는 신재생에너지전문기업 (주)에이씨에스 입니다. 전기공사, 자동제어공사, 태양광발전장치 직접생산/설계/시공 ...",경력무관 | 학력무관 | 경상북도 구미시 3공단1로,https://www.work.go.kr/empInfo/empInfoSrch/detail/empDetailAuthView.do?searchInfoType=VALIDATION&callPage=detail&wantedAuthNo=K141212011260002&rtnTarget=list7
빌딩 관리소장 채용,월급 | 190만원 이상,비정규 | 주6일,,담당업무 :  - 지하1층 지상14층 53세대 소규모 공동건물 경비업무 업무 가능자 - 급여:190만원 - 주간근무(09:00~18:00/토 09:00~12:00 ...,경력1년 | 학력무관 | 경기도 김포시 양촌읍,https://www.work.go.kr/empInfo/empInfoSrch/detail/empDetailAuthView.do?searchInfoType=VALIDATION&callPage=detail&wantedAuthNo=KJKL002011250009&rtnTarget=list8
GS온라인배송센터 단순업무 근무자 모집,"시급 | 8,590원 ~ 8,590원",정규 | 주5일,,"담당업무 :  - 물류센터내에서 주문받은 현미도정후 배송준비(도정+포장+배송접수) - 근무시간: 07시30분~13시30분 근무자 1명 , 13시30분~19시 근...",경력무관 | 학력무관 | 서울특별시 송파구 송파대로,https://www.work.go.kr/empInfo/empInfoSrch/detail/empDetailAuthView.do?searchInfoType=VALIDATION&callPage=detail&wantedAuthNo=K151152011250095&rtnTarget=list9
산업용 유리 판매 영업   및 인터넷 판매 직원 모집,월급 | 200만원 ~ 300만원,정규 | 주5일,08:30 ~ 17:30,담당업무 :  산업용 강화 유리 /접합유리 /복층유리 국내외 건설 현장 및 인터넷 판매 영업 직원 채용. / 보수 별도 협의,경력1년 | 학력무관 | 충청북도 음성군 대소면,https://www.work.go.kr/empInfo/empInfoSrch/detail/empDetailAuthView.do?searchInfoType=VALIDATION&callPage=detail&wantedAuthNo=K171252011250013&rtnTarget=list10
"생산,품질관리 사무원 모집","연봉 | 3,700만원 이상",정규 | 주5일,,"담당업무 :  품질보증, SQ관리, 공정연구개발, 생산관리",경력3년 | 대졸(4년) | 충청남도 아산시 음봉면,https://www.work.go.kr/empInfo/empInfoSrch/detail/empDetailAuthView.do?searchInfoType=VALIDATION&callPage=detail&wantedAuthNo=K172122011250003&rtnTarget=list1
PE파이프업체 품질관리(QC)자 구합니다. (1명/신입 및 경력:2년이상/주5일/청도풍각농공단지내),월급 | 200만원 ~ 220만원,정규 | 주5일,08:00 ~ 18:00,담당업무 :  저희 법인은 청도 풍각농공단지에 위치하고 있으며 PE 상하수도 파이프 및 토목자재를 생산하고 있습니다. 입사시 맡게될 주요 업무는...,경력무관 | 대졸(2~3년) | ~ 대졸(4년) 경상북도,https://www.work.go.kr/empInfo/empInfoSrch/detail/empDetailAuthView.do?searchInfoType=VALIDATION&callPage=detail&wantedAuthNo=K140132011240042&rtnTarget=list2
(주)이씨티 사업기획/경영관리 경력사원 채용(정규직),"연봉 | 3,600만원 이상",정규 | 주5일,09:30 ~ 17:30,"담당업무 :  1. 업무내용 - 사업기획 및 각종 계약진행 - 제품공급 관리 - 제품 및 부자재 발주, 수출입 관리 2. 우대사항 - PT - 문서작성(한글, ...",경력1년 | 학력무관 | 부산광역시 금정구 금샘로246번길,https://www.work.go.kr/empInfo/empInfoSrch/detail/empDetailAuthView.do?searchInfoType=VALIDATION&callPage=detail&wantedAuthNo=K130112011240048&rtnTarget=list3
(주)그래핀올 2020년 생산직원 채용공고,월급 | 250만원 ~ 270만원,정규 | 주5일,09:00 ~ 18:00,담당업무 :  그래핀 합성 생산관리,경력무관 | 학력무관 | 경기도 시흥시 옥구천서로,https://www.work.go.kr/empInfo/empInfoSrch/detail/empDetailAuthView.do?searchInfoType=VALIDATION&callPage=detail&wantedAuthNo=K151412011240044&rtnTarget=list4
미화원 관리 담당,"시급 | 8,590원 ~ 8,590원",정규 | 주5일,07:30 ~ 12:00,"담당업무 :  - 대림동 미화원 관리 담당업무 - 주5일 (07:30 ~ 12:00) - 월급여 110만원 - 운전필수, 컴퓨터 가능자 - 2호선 구로디지털단지역 ...",경력무관 | 학력무관 | 서울특별시 영등포구 디지털로48길,https://www.work.go.kr/empInfo/empInfoSrch/detail/empDetailAuthView.do?searchInfoType=VALIDATION&callPage=detail&wantedAuthNo=KJKA002011240001&rtnTarget=list5
아파트 단지내 미화원 관리자 모집(청소는 안함),월급 | 209만원 이상,비정규 | 주6일,,"담당업무 :  - 아파트 청소 관리자 모집 - 44명의 미화원 관리업무, 문서작성, 컴퓨터 문서작성 가능한분 - 평 일: 9시~17시(휴게시간포함) - 토요...",경력무관 | 학력무관 | 인천광역시 미추홀구 용정공원로,https://www.work.go.kr/empInfo/empInfoSrch/detail/empDetailAuthView.do?searchInfoType=VALIDATION&callPage=detail&wantedAuthNo=KJKP002011240005&rtnTarget=list6
마을기업제품 마케팅 담당자 모집,"시급 | 8,590원 이상",비정규 | 주5일,09:00 ~ 18:00,담당업무 :  포항노다지마을 제품 마케팅 및 홍보 관련 업무,경력무관 | 학력무관 | 경상북도 포항시 남구,https://www.work.go.kr/empInfo/empInfoSrch/detail/empDetailAuthView.do?searchInfoType=VALIDATION&callPage=detail&wantedAuthNo=K141112011240013&rtnTarget=list7
기계 가공품 수치 검사 및 품질 검사원,"연봉 | 3,200만원 ~ 3,400만원",정규 | 주5일,,"담당업무 :  자동화 장비 부품( MCT,CNC,범용선반,범용밀링등등으로 제작된 금속기계 부품)의 수치 검사 및 품질 검사원(기계도면 해독과 계측기 ...",경력3년 | 고졸 | 경기도 평택시 서탄면,https://www.work.go.kr/empInfo/empInfoSrch/detail/empDetailAuthView.do?searchInfoType=VALIDATION&callPage=detail&wantedAuthNo=K151712011240001&rtnTarget=list8
생산관리 인원모집,월급 | 250만원 이상,정규 | 주5일,08:30 ~ 20:00,담당업무 :  플라스틱 박스&시트 제조회사 생산관리인원모집,경력3년 | 대졸(4년) | 경기도 화성시 양감면,https://www.work.go.kr/empInfo/empInfoSrch/detail/empDetailAuthView.do?searchInfoType=VALIDATION&callPage=detail&wantedAuthNo=K151152011230147&rtnTarget=list9
관리직 사원채용,월급 | 230만원 ~ 250만원,정규 | 주5일,,"담당업무 :  골판지 발주, 수주관리, 전산처리 등 전반적인 업무 관리",경력5년 | 고졸 | 경기도 화성시 우정읍,https://www.work.go.kr/empInfo/empInfoSrch/detail/empDetailAuthView.do?searchInfoType=VALIDATION&callPage=detail&wantedAuthNo=K151152011230123&rtnTarget=list10
사업기획 등 각 분야 경력 / 신입 사원 채용,"연봉 | 2,155만원 이상",정규 | 주5일,09:00 ~ 18:00,"담당업무 :  1. 사업계획서 작성 (연구비, 사업비 및 성과, 평가관리) 문서관리, 회계 및 비용, 실적보고, 산출물, 평가보고 2. R&D 전략 기획 자...",경력무관 | 대졸(4년) | ~ 박사 경기도,https://www.work.go.kr/empInfo/empInfoSrch/detail/empDetailAuthView.do?searchInfoType=VALIDATION&callPage=detail&wantedAuthNo=K151632011230022&rtnTarget=list1
편집관련업무 (경력자),"시급 | 8,590원 ~ 8,590원",시간 | (장기),10:00 ~ 17:00,담당업무 :  <기사 인터넷 편집 및 마감 업무 담당 채용> - 해운대구 송정광어골로46 - 업무: 정보지(신문) 기사 인터넷 편집 마감 후 언론...,경력무관 | 학력무관 | 부산광역시 해운대구 송정광어골로,https://www.work.go.kr/empInfo/empInfoSrch/detail/empDetailAuthView.do?searchInfoType=VALIDATION&callPage=detail&wantedAuthNo=KJBQ002011230005&rtnTarget=list2
목동 현대하이페리온 아파트 2차 청소관리자 채용,월급 | 144만원 ~ 144만원,시간 | (장기),,"담당업무 :  * 인원- 1명 * 근무시간: 평일 08:00-16:00 (휴게시간 2시간 30분) 토 09:00-12:00 * 급여- 미화원: 1,449,710원 <미화팀장 지원 ...",경력1년 | 학력무관 | 서울특별시 양천구 오목로,https://www.work.go.kr/empInfo/empInfoSrch/detail/empDetailAuthView.do?searchInfoType=VALIDATION&callPage=detail&wantedAuthNo=K120422011230019&rtnTarget=list3
총무관리사원 모집,"연봉 | 3,000만원 이상",정규 | 주5일,08:30 ~ 17:30,담당업무 :  총무업무및인사 노무 일반관리,경력5년 | 고졸 | ~ 대졸(2~3년) 인천광역시,https://www.work.go.kr/empInfo/empInfoSrch/detail/empDetailAuthView.do?searchInfoType=VALIDATION&callPage=detail&wantedAuthNo=K150012011230046&rtnTarget=list4
구매/자재팀 직원 모집,월급 | 260만원 ~ 260만원,정규 | 주5일,,담당업무 :  1. 외주 업체 관리 2. 고객사 납품(1톤 탑차 운전),신입 | 학력무관 | 인천광역시 남동구 남동서로113번길,https://www.work.go.kr/empInfo/empInfoSrch/detail/empDetailAuthView.do?searchInfoType=VALIDATION&callPage=detail&wantedAuthNo=K150012011230025&rtnTarget=list5
시내 오피스텔 주차관리주임 구인,월급 | 200만원 ~ 200만원,비정규 | 격일,07:30 ~ 07:30,"담당업무 :  주차관리, 청소, 순찰, 기타 잡무",경력1년 | 학력무관 | 대구광역시 중구 공평로,https://www.work.go.kr/empInfo/empInfoSrch/detail/empDetailAuthView.do?searchInfoType=VALIDATION&callPage=detail&wantedAuthNo=K140112011230008&rtnTarget=list6
회계사무직 10년이상 경력직,월급 | 180만원 ~ 200만원,정규 | 주5일,09:00 ~ 18:00,담당업무 :  법인결산업무 개인결산업무 업체 기장대리 더존 사용 가능자 4대보험업무,경력10년 | 학력무관 | 광주광역시 서구 상무대로,https://www.work.go.kr/empInfo/empInfoSrch/detail/empDetailAuthView.do?searchInfoType=VALIDATION&callPage=detail&wantedAuthNo=K160012011200077&rtnTarget=list7
(주)미래고용정보 대진대학 사무소 전담상담원모집,"연봉 | 2,500만원 ~ 2,640만원",정규 | 주5일,,"담당업무 :  1. 노동부 위탁 취업성공패키지 전담상담원(2명) - 직무내용 : 취업성공패키지 전담상담(직업상담, 훈련상담, 취업알선상담) - 자격요...",경력무관 | 대졸(2~3년) | ~ 대졸(4년) 경기도,https://www.work.go.kr/empInfo/empInfoSrch/detail/empDetailAuthView.do?searchInfoType=VALIDATION&callPage=detail&wantedAuthNo=KC16752011200002&rtnTarget=list8
"[쿠팡CFS] 쿠팡 안성5,6,7센터 물류사원 모집(천안거주자)",월급 | 194만원 이상,비정규 | 주5일,09:00 ~ 18:00,"담당업무 :  *천안거주 대상자 채용건(천안 통근버스 이용함) -남,녀 지원가능 -물류센터 내 입,출고 ICQA, 반품업무 등 -급여:194만~@ -근무:주5...",경력무관 | 학력무관 | 경기도 안성시 원곡면,https://www.work.go.kr/empInfo/empInfoSrch/detail/empDetailAuthView.do?searchInfoType=VALIDATION&callPage=detail&wantedAuthNo=KF11222011200003&rtnTarget=list9
무역(수입)경력자,월급 | 100만원 ~ 200만원,시간 | (장기),08:00 ~ 12:00,담당업무 :  수입 관련 제반 업무,경력10년 | 학력무관 | 충청남도 천안시 동남구,https://www.work.go.kr/empInfo/empInfoSrch/detail/empDetailAuthView.do?searchInfoType=VALIDATION&callPage=detail&wantedAuthNo=K172112011200058&rtnTarget=list10
[송파/잠실] 미화원 모집,월급 | 99만원 이상,비정규 | 주5일,06:00 ~ 10:00,"담당업무 :  1. 모집 분야: 미화원 2. 담당업무 - 청소원의 업무 - 미화원의 업무 - 회의실, 임원실, 탕비실, 화분, 유리Wall - 공용회의실 공간 ...",경력1년 | 학력무관 | 서울특별시 송파구 오금로11길,https://www.work.go.kr/empInfo/empInfoSrch/detail/empDetailAuthView.do?searchInfoType=VALIDATION&callPage=detail&wantedAuthNo=K120142011200007&rtnTarget=list1
가전서비스 고객관리 및 상담,월급 | 160만원 이상,시간 | (장기),,담당업무 :  -가전서비스 고객관리 및 상담 -서비스 접수 내역 관리 및 서비스문의 상담(인바운드) -격주 단위 근무 -월 1회 토요근무 (9시~12시),경력무관 | 학력무관 | 서울특별시 금천구 가산디지털2로,https://www.work.go.kr/empInfo/empInfoSrch/detail/empDetailAuthView.do?searchInfoType=VALIDATION&callPage=detail&wantedAuthNo=KF10962011190002&rtnTarget=list2
네이버 법률 카페 관리 스탭 채용공고,"시급 | 8,590원 ~ 8,590원",비정규 | 주5일,09:00 ~ 18:00,"담당업무 :  [네이버 생활 법률 정보 카페 운영 및 관리] - 성범죄/마약범죄 관련 사건, 사례 게시글 작성 - 회원 질의 및 질문성 게시글에 댓글, ...",경력10년 | 학력무관 | 서울특별시 강서구 마곡중앙8로1길,https://www.work.go.kr/empInfo/empInfoSrch/detail/empDetailAuthView.do?searchInfoType=VALIDATION&callPage=detail&wantedAuthNo=K120412011190014&rtnTarget=list3
"단순 섭외 +블로그sns홍보. 마케팅전문가 모집 - 정규직, 4대보험","연봉 | 1,800만원 이상",정규 | 주5일,10:00 ~ 17:00,"담당업무 :  ㈜씨엔오컨설팅 스케줄 섭외업무 등 마케팅전문가. 아웃바운드 TM 모집 - 정규직, 4대보험 ㈜씨엔오컨설팅은 2009년에 설립된 회사로 ...",경력무관 | 학력무관 | 서울특별시 서초구 바우뫼로35길,https://www.work.go.kr/empInfo/empInfoSrch/detail/empDetailAuthView.do?searchInfoType=VALIDATION&callPage=detail&wantedAuthNo=K120142011190017&rtnTarget=list4
전진중공업(주) 자재관리팀 계약직 채용,"연봉 | 2,400만원 이상",비정규 | 주5일,08:30 ~ 17:30,"담당업무 :  - 원자재 및 제관물 자재 입.출고 업무 - 재고관리업무(철판, 파이프 등) - 협력업체 관리업무 * 우대사항 - 3톤 이상 지게차 운전가...",경력무관 | 고졸 | ~ 대졸(4년) 충청북도,https://www.work.go.kr/empInfo/empInfoSrch/detail/empDetailAuthView.do?searchInfoType=VALIDATION&callPage=detail&wantedAuthNo=K171252011190009&rtnTarget=list5
[주식회사 오라벨] 기술 개발직,"연봉 | 3,000만원 ~ 4,000만원",비정규 | 주5일,09:00 ~ 18:00,"담당업무 :  *기술 개발(남,여 무관, 경력직 우대(관련 업무 10년 이상)) • 기술에 대한 깊은 이해 뿐만 아니라 비즈니스에 대한 이해 또한 높으...",경력10년 | 학력무관 | 세종특별자치시 갈매로 353,https://www.work.go.kr/empInfo/empInfoSrch/detail/empDetailAuthView.do?searchInfoType=VALIDATION&callPage=detail&wantedAuthNo=KJHA002011190006&rtnTarget=list6
(주)벤텍퍼니처 생산관리자 경력자 모집,월급 | 250만원 ~ 500만원,정규 | 주6일,,담당업무 :  생산부서를 관리하고 회사 내의 소통을 위하여 관리감독을 합니다. 이를 위하여 가구(목공)기술을 가지고 계신 분 또는 가구 관련 근...,경력무관 | 고졸 | ~ 대졸(4년) 경기도,https://www.work.go.kr/empInfo/empInfoSrch/detail/empDetailAuthView.do?searchInfoType=VALIDATION&callPage=detail&wantedAuthNo=K151652011190003&rtnTarget=list7
건설현장 사무보조원 모집,월급 | 191만원 ~ 191만원,정규 | 주5일,09:00 ~ 18:00,"담당업무 :  *안산 금성백조 건설현장 사무보조원 *근무시간 : 09:00~18:00, 주 5일 *급여 : 191만원 *지원문의 : 031)5189-4446",경력1년 | 학력무관 | 경기도 안산시 상록구,https://www.work.go.kr/empInfo/empInfoSrch/detail/empDetailAuthView.do?searchInfoType=VALIDATION&callPage=detail&wantedAuthNo=KJK6002011180023&rtnTarget=list8
2020안성 잡페스티벌(쿠팡 안성 5센터 HR채용팀 모집),"연봉 | 2,825만원 ~ 2,825만원",비정규 | 주5일,,담당업무 :  ※2020 안성 잡페스티벌 채용행사 일시:20년 11월 25일(수) 오후 2시~4시 장소:공도읍행정복지센터 3층 쿠팡 안성 5센터 HR채용팀 모...,경력무관 | 학력무관 | 경기도 안성시 원곡면,https://www.work.go.kr/empInfo/empInfoSrch/detail/empDetailAuthView.do?searchInfoType=VALIDATION&callPage=detail&wantedAuthNo=KJKQ002011180002&rtnTarget=list9
관리팀 정규직원 채용 (인사/회계/총무),"연봉 | 2,500만원 ~ 2,800만원",정규 | 주5일,07:00 ~ 17:00,"담당업무 :  [담당업무] 재무(50%) 인사(30%) 총무(20%) [자격요건] -재무 : 매입/매출/세무 관련 업무 (기장은 세무법인 대행) -인사: 근태, 연...",경력무관 | 학력무관 | 인천광역시 부평구 부평대로297번길,https://www.work.go.kr/empInfo/empInfoSrch/detail/empDetailAuthView.do?searchInfoType=VALIDATION&callPage=detail&wantedAuthNo=K150112011180019&rtnTarget=list10
"재고관리, 상품입출고 직원 모집",월급 | 200만원 ~ 200만원,정규 | 주5일,09:00 ~ 18:00,"담당업무 :  - 상품 매입, 재고 관리 - 상품 포장, 택배 발송 - 컴퓨터 사용 가능한 분",경력무관 | 고졸 | ~ 대졸(4년) 경기도,https://www.work.go.kr/empInfo/empInfoSrch/detail/empDetailAuthView.do?searchInfoType=VALIDATION&callPage=detail&wantedAuthNo=KJKH002011180004&rtnTarget=list1
신규영업/납품영업직원  모집합니다.,"연봉 | 2,800만원 이상",정규 | 주5일,,"담당업무 :  자동차부품, 산업용품 부품 열처리 신규영업 자동차부품 납품,수주 관리 ,영업지원 // 경력 1년 이상 / 2.5톤 이상 가능하신분 우대",경력1년 | 고졸 | ~ 대졸(4년) 인천광역시,https://www.work.go.kr/empInfo/empInfoSrch/detail/empDetailAuthView.do?searchInfoType=VALIDATION&callPage=detail&wantedAuthNo=K150012011180049&rtnTarget=list2
"전문인력 경력자 구합니다.(마케팅, 홍보)",월급 | 200만원 ~ 250만원,정규 | 주5일,,"담당업무 :  (주)화잠레더 사업기획, 일반기획 외 경력 정규직 채용 모집부문 및 자격요건 담당업무 자격요건 인원 [담당업무] 사회적기업 서류작...",경력3년 | 학력무관 | 제주특별자치도 서귀포시 동홍서로96번길,https://www.work.go.kr/empInfo/empInfoSrch/detail/empDetailAuthView.do?searchInfoType=VALIDATION&callPage=detail&wantedAuthNo=K163022011170009&rtnTarget=list3
태양광 발전사업 - 경리사무원 모집,월급 | 250만원 ~ 280만원,정규 | 주5일,09:00 ~ 17:30,"담당업무 :  모집부문 총무부 - 회계팀 경력 - 법인회사 3년이상 경력자 모집 담당업무 ㆍ회계, 장부관리 및 사무보조 자격요건 ㆍ학력 : 무관 ㆍ...",경력3년 | 학력무관 | 경기도 화성시 팔탄면,https://www.work.go.kr/empInfo/empInfoSrch/detail/empDetailAuthView.do?searchInfoType=VALIDATION&callPage=detail&wantedAuthNo=K151152011170029&rtnTarget=list4
물류 입출고 담당 채용,월급 | 210만원 이상,비정규 | 주5일,09:30 ~ 18:30,"담당업무 :  계약만기에 따른 충원 공고 물류창고에서 제품 입출고 상하차 및 제품 스티커 작업, 제품 픽업 등 업무 담당 - 운전가능자 필수 - 12...",경력무관 | 학력무관 | 경기도 파주시 신촌2로,https://www.work.go.kr/empInfo/empInfoSrch/detail/empDetailAuthView.do?searchInfoType=VALIDATION&callPage=detail&wantedAuthNo=K120122011170001&rtnTarget=list5
금강농자재철강(주) 직원 모집,월급 | 210만원 ~ 250만원,정규 | 주6일,08:00 ~ 18:00,"담당업무 :  매장 영업관리 및 판매 (매장 관리, 고객 판매 응대) 지게차, 트럭 운전 가능한 자 우대 /농업 관련 지식인 우대",경력무관 | 학력무관 | 충청남도 논산시 강경읍,https://www.work.go.kr/empInfo/empInfoSrch/detail/empDetailAuthView.do?searchInfoType=VALIDATION&callPage=detail&wantedAuthNo=K170042011160012&rtnTarget=list6
평촌한림대병원 미화매니저 구인,월급 | 220만원 ~ 220만원,비정규 | 주5일,08:30 ~ 17:30,담당업무 :  - 평촌한림대병원 미화원관리업무(미화 라운딩업무 포함) - 8:30~17:30 주5일(매월 1회토요일근무) - 병원근무 경력자 우대함(자격증...,경력무관 | 대졸(2~3년) | ~ 대졸(4년) 경기도,https://www.work.go.kr/empInfo/empInfoSrch/detail/empDetailAuthView.do?searchInfoType=VALIDATION&callPage=detail&wantedAuthNo=KJKR002011160011&rtnTarget=list7
학술지 관련 해외 투고자 관리 및 개인비서 업무,월급 | 200만원 ~ 250만원,시간 | (단기),,"담당업무 :  1. 업무내용 : 외국 논문연구자에게 이메일보내기, 외국 논문연구자와 통화, 기본 서무 및 회장의 개인비서업무 2. 학술지관련 보조 ...",경력무관 | 학력무관 | 경기도 양평군 양동면,https://www.work.go.kr/empInfo/empInfoSrch/detail/empDetailAuthView.do?searchInfoType=VALIDATION&callPage=detail&wantedAuthNo=K151652011160045&rtnTarget=list8
영업지원 인력 채용공고,월급 | 180만원 이상,비정규 | 주5일,09:00 ~ 18:00,담당업무 :  1. 모집분야 및 자격 요건 1) 모집분야: 가맹점 사업부문(영업 지원) 주요업무: 배달앱 오더프로그램 가맹점 관리 (원격프로그램 운영...,경력무관 | 고졸 | ~ 대졸(4년) 서울특별시,https://www.work.go.kr/empInfo/empInfoSrch/detail/empDetailAuthView.do?searchInfoType=VALIDATION&callPage=detail&wantedAuthNo=K120512011160010&rtnTarget=list9
경리 및 총무,월급 | 180만원 ~ 190만원,비정규 | 주5일,09:00 ~ 18:00,담당업무 :  법인 및 사업장 경리 및 총무 업무 * 4대보험가입,경력5년 | 고졸 | ~ 대졸(2~3년) 충청북도,https://www.work.go.kr/empInfo/empInfoSrch/detail/empDetailAuthView.do?searchInfoType=VALIDATION&callPage=detail&wantedAuthNo=K171112011160001&rtnTarget=list10
정규직 경력 사무원 사원 채용 공고,"연봉 | 2,400만원 ~ 3,000만원",정규 | 주5일,,담당업무 :  수/발주 전산입력 각종 사무 영업팀 업무 서포트 현장업무지원 각종사무 오피스 프로그램 활용능력 중급 이상 환영 능동적인 자세로 ...,경력1년 | 학력무관 | 경기도 이천시 신둔면,https://www.work.go.kr/empInfo/empInfoSrch/detail/empDetailAuthView.do?searchInfoType=VALIDATION&callPage=detail&wantedAuthNo=K151622011130006&rtnTarget=list1
현장 물류직 직원 채용,월급 | 179만원 이상,정규 | 주5일,09:00 ~ 18:00,"담당업무 :  - 쇼핑백 부자재 현장 물류업무(약간의 PC작업) - 지게차 운전가능자우대, -근무시간 : 주5일/(월~금) 09:00~18:00 -1,795,310...",경력무관 | 고졸 | ~ 대졸(4년) 경기도,https://www.work.go.kr/empInfo/empInfoSrch/detail/empDetailAuthView.do?searchInfoType=VALIDATION&callPage=detail&wantedAuthNo=KJK5002011130002&rtnTarget=list2
자게차운전(창고관리) 사원 모집,월급 | 179만원 이상,정규 | 주5일,,"담당업무 :  [경산고용센터 채용대행] * 입,출고 상하차(지게차운전)-자격증은 필수는 아니나 지게차운전가능해야함 * 급여 면접후 결정 * 근무시...",경력무관 | 학력무관 | 경상북도 경산시 하양읍,https://www.work.go.kr/empInfo/empInfoSrch/detail/empDetailAuthView.do?searchInfoType=VALIDATION&callPage=detail&wantedAuthNo=K140132011120038&rtnTarget=list3
"신창철강공업(주) 경리회계 및 사무, 총무 관리직 구인 (서울사무소 근무)","연봉 | 2,500만원 ~ 2,500만원",정규 | 주5일,09:00 ~ 18:00,"담당업무 :  경리 회계 및 사무, 총무 사무 업무에 대한 전반적인 사항",경력1년 | 고졸 | ~ 대졸(4년) 서울특별시,https://www.work.go.kr/empInfo/empInfoSrch/detail/empDetailAuthView.do?searchInfoType=VALIDATION&callPage=detail&wantedAuthNo=K120612011120038&rtnTarget=list4
(주)라망 가구 관리부 직원 채용,월급 | 180만원 이상,정규 | 주5일,,"담당업무 :  선반, 테이블, 수납장 등 소가구를 생산하는 회사입니다. 관리부 직원 모집으로 전반적인 사무업무(온라인몰 관리, CS, 업체방문 등 )...",경력무관 | 학력무관 | 경기도 가평군 청평면,https://www.work.go.kr/empInfo/empInfoSrch/detail/empDetailAuthView.do?searchInfoType=VALIDATION&callPage=detail&wantedAuthNo=K152122011120005&rtnTarget=list5
회계경리사무원채용,월급 | 180만원 이상,정규 | 주5일,,담당업무 :  - 모집직종 : 사무국 직원 - 직무내용 : 일반사무 - 근무조건 : 주5일 40시간 - 근무시간 : 월~금 09:00~16:30 토 09:00~17...,경력무관 | 학력무관 | 충청남도 청양군 대치면,https://www.work.go.kr/empInfo/empInfoSrch/detail/empDetailAuthView.do?searchInfoType=VALIDATION&callPage=detail&wantedAuthNo=K172222011120016&rtnTarget=list6
품질관리 및 3정5S (현장 환경개선업무) 추진,월급 | 200만원 ~ 220만원,정규 | 주5일,08:00 ~ 17:00,담당업무 :  품질관리업무 -3정5S 현장 개선 활동 중점 업무 추진할 수 있는 경력자를 모집합니다. - 시니어 대상자 희망함 (경력자 우대),경력무관 | 학력무관 | 전라북도 전주시 덕진구,https://www.work.go.kr/empInfo/empInfoSrch/detail/empDetailAuthView.do?searchInfoType=VALIDATION&callPage=detail&wantedAuthNo=K161132011120022&rtnTarget=list7
물류창고 관리직 사원모집,"연봉 | 2,500만원 ~ 3,000만원",정규 | 주5일,,담당업무 :  -제품 입고 및 출고업무 -월별 재고 실사등,경력무관 | 고졸 | ~ 대졸(4년) 경상남도,https://www.work.go.kr/empInfo/empInfoSrch/detail/empDetailAuthView.do?searchInfoType=VALIDATION&callPage=detail&wantedAuthNo=K131132011120020&rtnTarget=list8
[강남 신사동] 건물 회계관리 직원 채용,월급 | 180만원 이상,정규 | 주5일,08:00 ~ 17:00,"담당업무 :  - 업무: 건물 임대관리(세금계산서발행, 발주 등), 건물회계관리 - 고졸이상 / 사무 가능자(컴퓨터활용가능자) - 근무예정지: 강남구 ...",경력무관 | 학력무관 | 서울특별시 강남구 도산대로,https://www.work.go.kr/empInfo/empInfoSrch/detail/empDetailAuthView.do?searchInfoType=VALIDATION&callPage=detail&wantedAuthNo=KJAV002011120003&rtnTarget=list9
산업용 전자제품 수리,월급 | 200만원 ~ 220만원,정규 | 주5일,09:00 ~ 18:00,담당업무 :  산업용 전자제품 수리 업무,경력무관 | 학력무관 | 경기도 의왕시 이미로,https://www.work.go.kr/empInfo/empInfoSrch/detail/empDetailAuthView.do?searchInfoType=VALIDATION&callPage=detail&wantedAuthNo=K151332011120004&rtnTarget=list10
세무사 사무실에서 같이 일하실 경력직 회계직원 채용합니다.,"연봉 | 2,800만원 이상",정규 | 주5일,09:30 ~ 18:00,"담당업무 :  업체 결산,조정 -재무제표 분석 -기장대리 -전화상담 (4대보험 업무는 노무사사무실에서 대행) 독산동 홈플러스 옆 독산cgv건물 2층에...",경력3년 | 학력무관 | 서울특별시 금천구 시흥대로,https://www.work.go.kr/empInfo/empInfoSrch/detail/empDetailAuthView.do?searchInfoType=VALIDATION&callPage=detail&wantedAuthNo=K120612011120012&rtnTarget=list1
창고 자재관리 및 타일 운반 하실 분 모집합니다.,월급 | 200만원 ~ 200만원,비정규 | 주6일,,담당업무 :  - 타일 입출고 및 자재관리 - 창고관리 및 타일 운반,신입 | 학력무관 | 광주광역시 남구 대남대로107번길,https://www.work.go.kr/empInfo/empInfoSrch/detail/empDetailAuthView.do?searchInfoType=VALIDATION&callPage=detail&wantedAuthNo=KC11522011110002&rtnTarget=list2
와이제이 인더스트리얼에서 사무보조원을 모집합니다.,월급 | 200만원 ~ 200만원,비정규 | 주5일,08:30 ~ 17:30,담당업무 :  블로그 및 홍보물 관리 및 기타 사무보조원,신입 | 학력무관 | 광주광역시 남구 대남대로107번길,https://www.work.go.kr/empInfo/empInfoSrch/detail/empDetailAuthView.do?searchInfoType=VALIDATION&callPage=detail&wantedAuthNo=KC11522011110001&rtnTarget=list3
장애인 표준화 사업장 관리직 채용,월급 | 91만원 이상,정규 | 주5일,09:00 ~ 15:00,"담당업무 :  장애인 표준화 사업장 관리, 직원근태관리, 문서작성 및 전반적인 관리업무",경력5년 | 학력무관 | 전라남도 나주시 동수농공단지길,https://www.work.go.kr/empInfo/empInfoSrch/detail/empDetailAuthView.do?searchInfoType=VALIDATION&callPage=detail&wantedAuthNo=K160012011110070&rtnTarget=list4
"작은회사의 경리,회계,사무 경력자 찾습니다","연봉 | 2,400만원 이상",정규 | 주5일,09:00 ~ 18:00,"담당업무 :  작은 법인회사 경리,회계,사무전반업무",경력5년 | 대졸(2~3년) | ~ 대졸(4년) 대구광역시,https://www.work.go.kr/empInfo/empInfoSrch/detail/empDetailAuthView.do?searchInfoType=VALIDATION&callPage=detail&wantedAuthNo=K140062011110024&rtnTarget=list5
구리 자동차 루프박스 매장 설치 및 매장관리 매니져,"연봉 | 2,600만원 ~ 3,300만원",정규 | 주6일,,담당업무 :  1. 업체명 : (주)이구아나코리아 2. 주소 - 본사 : 경기도 광주시 초월읍 용수리 276-4 - 인천 직영매장 : 인천광역시 서구 가좌동 48...,경력무관 | 고졸 | ~ 대졸(4년) 경기도,https://www.work.go.kr/empInfo/empInfoSrch/detail/empDetailAuthView.do?searchInfoType=VALIDATION&callPage=detail&wantedAuthNo=K151652011110047&rtnTarget=list6
일산서구 자동차 루프박스 매장 설치 및 매장관리 매니져,"연봉 | 2,600만원 ~ 3,300만원",정규 | 주6일,,담당업무 :  1. 업체명 : (주)이구아나코리아 2. 주소 - 본사 : 경기도 광주시 초월읍 용수리 276-4 - 인천 직영매장 : 인천광역시 서구 가좌동 48...,경력무관 | 고졸 | ~ 대졸(4년) 경기도,https://www.work.go.kr/empInfo/empInfoSrch/detail/empDetailAuthView.do?searchInfoType=VALIDATION&callPage=detail&wantedAuthNo=K151652011110046&rtnTarget=list7
물류 창고 정리원모집,월급 | 200만원 이상,정규 | 주5일,09:00 ~ 18:00,담당업무 :  의약품 물류창고 정리 및 분류:1명 -분류시 상품표기 글씨가 작음 -주5일 근무 09시~18시(06:20 오전조기 연장근무 있을 수 있음) -급...,경력무관 | 학력무관 | 경기도 시흥시 새우개2길,https://www.work.go.kr/empInfo/empInfoSrch/detail/empDetailAuthView.do?searchInfoType=VALIDATION&callPage=detail&wantedAuthNo=KJKO002011110005&rtnTarget=list8
정규직 (경력) 사무직 사원 채용 공고,"연봉 | 2,400만원 ~ 3,000만원",정규 | 주5일,,담당업무 :  수/발주 전산입력 각종 사무 영업팀 업무 서포트 현장업무지원 각종사무 오피스 프로그램 활용능력 중급 이상 환영 능동적인 자세로 ...,경력1년 | 학력무관 | 경기도 이천시 신둔면,https://www.work.go.kr/empInfo/empInfoSrch/detail/empDetailAuthView.do?searchInfoType=VALIDATION&callPage=detail&wantedAuthNo=K151622011110011&rtnTarget=list9
경영관리 부서장 모집,"연봉 | 6,000만원 이상",정규 | 주5일,08:00 ~ 17:00,"담당업무 :  회계, 인사, 노무 경영관리 총괄",경력15년 | 대졸(2~3년) | ~ 대졸(4년) 부산광역시,https://www.work.go.kr/empInfo/empInfoSrch/detail/empDetailAuthView.do?searchInfoType=VALIDATION&callPage=detail&wantedAuthNo=K130232011110003&rtnTarget=list10
열정 있는 웹디자이너 MD 모집,"연봉 | 2,400만원 이상",정규 | 주5일,09:30 ~ 18:30,"담당업무 :  - 웹디자인 및 MD 업무 _ 쇼핑몰, SNS 및 고객 관리 업무 - 여성의류 매장 관리 보조 업무 - 상품 검수, 포장 보조 업무 - 학력 : 무...",경력무관 | 학력무관 | 경기도 수원시 영통구,https://www.work.go.kr/empInfo/empInfoSrch/detail/empDetailAuthView.do?searchInfoType=VALIDATION&callPage=detail&wantedAuthNo=K151122011100053&rtnTarget=list1
창고관리 및 배송기사 모집,월급 | 180만원 ~ 180만원,정규 | 주5일,08:00 ~ 18:00,"담당업무 :  자재 운반, 관리 / 지게차운전가능자",경력무관 | 학력무관 | 경기도 남양주시 고산로,https://www.work.go.kr/empInfo/empInfoSrch/detail/empDetailAuthView.do?searchInfoType=VALIDATION&callPage=detail&wantedAuthNo=KJKJ002011100004&rtnTarget=list2
우진산전(증평공장) 내 물류사원 모집,월급 | 200만원 ~ 250만원,비정규 | 주5일,08:00 ~ 17:00,담당업무 :  우진산전(증평공장)은 철도차량을 생산하는 업체입니다. * 근무내용 :철도차량 관련 자재 이동(지게차이용) 및 철도차량 출고 업무 등...,경력무관 | 학력무관 | 충청북도 증평군 도안면,https://www.work.go.kr/empInfo/empInfoSrch/detail/empDetailAuthView.do?searchInfoType=VALIDATION&callPage=detail&wantedAuthNo=KJMM002011100002&rtnTarget=list3
품질관리자 모집,"연봉 | 4,500만원 이상",정규 | 주5일,,"담당업무 :  ※내부품질관리 ※고객품질대응 SQ,ISIR,PPAP,공정검사 성적서,출하검사, 4M 관리 등 과차장급 정규직 모집",경력3년 | 학력무관 | 충청남도 보령시 주포면,https://www.work.go.kr/empInfo/empInfoSrch/detail/empDetailAuthView.do?searchInfoType=VALIDATION&callPage=detail&wantedAuthNo=K172222011090026&rtnTarget=list4
"태양광 발전사업 - 국내 영업직, 영업사원 모집",월급 | 180만원 ~ 200만원,비정규 | 주5일,,"담당업무 :  모집부문 태양광 RPS사업부 -B2B영업팀 ㆍ국내기업, 법인영업(B2B) 대상으로 영업활동 담당업무 ㆍ햇빛새싹발전소, 켑코솔라, 지붕임...",경력무관 | 학력무관 | 경기도 화성시 팔탄면,https://www.work.go.kr/empInfo/empInfoSrch/detail/empDetailAuthView.do?searchInfoType=VALIDATION&callPage=detail&wantedAuthNo=K151152011090122&rtnTarget=list5
교육지원 및 사무업무,월급 | 180만원 ~ 180만원,정규 | 주5일,09:00 ~ 18:00,"담당업무 :  - 사무업무 및 교육지원활동(폐자원 활용 관련 강의) - 컴퓨터활용가능자, 차량소지자 우대 - 전화문의 바랍니다. (☎ 010-4403-3458)",경력무관 | 대졸(2~3년) | ~ 박사 충청북도,https://www.work.go.kr/empInfo/empInfoSrch/detail/empDetailAuthView.do?searchInfoType=VALIDATION&callPage=detail&wantedAuthNo=KJML002011090001&rtnTarget=list6
공장 및 관리팀 중간관리자 모십니다,"연봉 | 2,500만원 ~ 3,500만원",비정규 | 주5일,,"담당업무 :  주요직무 1. 재무회계 업무와 더불어 구매,자재 등 관리 2. 공장관리 및 생산업무 관리",경력5년 | 고졸 | ~ 석사 경기도,https://www.work.go.kr/empInfo/empInfoSrch/detail/empDetailAuthView.do?searchInfoType=VALIDATION&callPage=detail&wantedAuthNo=K151122011090004&rtnTarget=list7
청우식품 아산영업소 영업사원,"연봉 | 3,400만원 ~ 5,000만원",정규 | 주6일,,담당업무 :  제과 영업 및 거래처 관리,경력1년 | 고졸 | ~ 대졸(4년) 충청남도,https://www.work.go.kr/empInfo/empInfoSrch/detail/empDetailAuthView.do?searchInfoType=VALIDATION&callPage=detail&wantedAuthNo=K172122011060024&rtnTarget=list8
마스크제조 관리자 구합니다.,월급 | 250만원 ~ 300만원,정규 | 주5일,09:00 ~ 18:00,담당업무 :  마스크 생산 의약외품 마스크 제조관리자 관리자 * 4대보험 가입,경력무관 | 고졸 | ~ 대졸(4년) 경기도,https://www.work.go.kr/empInfo/empInfoSrch/detail/empDetailAuthView.do?searchInfoType=VALIDATION&callPage=detail&wantedAuthNo=K151412011060071&rtnTarget=list9
[신중년일자리],"연봉 | 2,400만원 ~ 2,800만원",정규 | 주5일,09:00 ~ 18:00,담당업무 :  안녕하세요 저희 명품클리닉투엘은 명품수선전문업체 중 로컬매출분야 1위인 대형의 수선전문점입니다. 직원과 함께 편안한 일자리를 ...,경력무관 | 대졸(2~3년) | ~ 석사 서울특별시,https://www.work.go.kr/empInfo/empInfoSrch/detail/empDetailAuthView.do?searchInfoType=VALIDATION&callPage=detail&wantedAuthNo=K120142011060010&rtnTarget=list10
[부광디엔드케이]자동차부품 출하공정 검사원,"시급 | 8,590원 이상",정규 | 주5일,08:30 ~ 20:30,담당업무 :  1.자동차부품(캘리퍼바디) 출하외관 검사(공정순회검사) 2.출하품 게이지이용하여 검사,경력무관 | 학력무관 | 경상남도 창원시 의창구,https://www.work.go.kr/empInfo/empInfoSrch/detail/empDetailAuthView.do?searchInfoType=VALIDATION&callPage=detail&wantedAuthNo=K131132011060018&rtnTarget=list1
TM 아웃바운드 모집합니다,월급 | 180만원 이상,정규 | 주5일,,담당업무 :  -모바일 어플 및 홈페이지 TM판매 -포털사이트(네이버) 광고 TM판매 -지역사업자 자료확인 TM * * 사무직아니고 아웃바운드 영업입니...,경력무관 | 학력무관 | 경상남도 창원시 마산회원구,https://www.work.go.kr/empInfo/empInfoSrch/detail/empDetailAuthView.do?searchInfoType=VALIDATION&callPage=detail&wantedAuthNo=K131112011050028&rtnTarget=list2
[시설관리팀]직업훈련학교 시설관리 구합니다,"시급 | 8,590원 이상",비정규 | 주5일,09:00 ~ 18:00,담당업무 :  대한직업전문학교는 국비로 진행되는 직업훈련학교 입니다 저희학원은 [전기 승강기 에너지 공조 가스 온수온돌 방수 도장 세탁]등 실...,경력무관 | 학력무관 | 대구광역시 달서구 월배로,https://www.work.go.kr/empInfo/empInfoSrch/detail/empDetailAuthView.do?searchInfoType=VALIDATION&callPage=detail&wantedAuthNo=K140022011050057&rtnTarget=list3
경영지원  직원 모집(경리 회계 경험자),월급 | 180만원 ~ 250만원,정규 | 주5일,08:30 ~ 17:30,"담당업무 :  영업 관련 사무 업무 사원, 간부 채용(경리,회계 경험자 우대)",경력2년 | 학력무관 | 충청북도 음성군 대소면,https://www.work.go.kr/empInfo/empInfoSrch/detail/empDetailAuthView.do?searchInfoType=VALIDATION&callPage=detail&wantedAuthNo=K171252011050022&rtnTarget=list4
회계경리겸 총무사무직,월급 | 180만원 ~ 180만원,정규 | 주5일,09:00 ~ 18:00,담당업무 :  회계 경리업무 및 총무사무 등,경력1년 | 학력무관 | 경기도 안양시 동안구,https://www.work.go.kr/empInfo/empInfoSrch/detail/empDetailAuthView.do?searchInfoType=VALIDATION&callPage=detail&wantedAuthNo=KF11692011040001&rtnTarget=list5
아파트관리소장님 모집,월급 | 280만원 ~ 280만원,시간 | (단기),09:00 ~ 18:00,담당업무 :  -근무지: 시민로 24(84세대) -조 건: 09:00-18:00 -월급여: 월280 -필수사항: 전기산업기사(선임가능자),경력무관 | 학력무관 | 경기도 의정부시 시민로,https://www.work.go.kr/empInfo/empInfoSrch/detail/empDetailAuthView.do?searchInfoType=VALIDATION&callPage=detail&wantedAuthNo=KJAC002011040001&rtnTarget=list6
[팔탄면] 매트리스 제조회사 입출고 및 창고관리 직원 모집,월급 | 188만원 이상,정규 | 주5일,08:00 ~ 17:00,"담당업무 :  [팔탄면] 매트리스 제조회사 입출고 및 창고관리 직원 모집 ▶ 근무시간 :오전 8시~오후 5시, 주 5일 ▶ 급여 : 기본금 188만원 + 야...",경력무관 | 고졸 | 경기도 화성시 팔탄면,https://www.work.go.kr/empInfo/empInfoSrch/detail/empDetailAuthView.do?searchInfoType=VALIDATION&callPage=detail&wantedAuthNo=K151152011040086&rtnTarget=list7
"경도종합건설 건축기술자(초급,중급우대)  총무 및 회계","연봉 | 2,200만원 ~ 3,200만원",정규 | 주5일,09:00 ~ 18:00,"담당업무 :  입,퇴사자 서류관리, 4대보험 취득상실, 회계업무, 근태관리 [건축>건축시공>건축목공시공] 건축목공시공 현장안전 불안전시설...",경력무관 | 학력무관 | 전라남도 나주시 문화로,https://www.work.go.kr/empInfo/empInfoSrch/detail/empDetailAuthView.do?searchInfoType=VALIDATION&callPage=detail&wantedAuthNo=K160012011040049&rtnTarget=list8
정규직 사무직 사원 채용 공고(경력자),"연봉 | 2,600만원 ~ 2,800만원",정규 | 주6일,09:00 ~ 19:00,담당업무 :  수/발주 전산입력 각종 사무 물류기기 등 현장업무지원 오피스 프로그램 활용능력 중급 이상 능동적인 자세로 업무 배우고자 하는 의...,경력1년 | 대졸(2~3년) | ~ 대졸(4년) 경기도,https://www.work.go.kr/empInfo/empInfoSrch/detail/empDetailAuthView.do?searchInfoType=VALIDATION&callPage=detail&wantedAuthNo=K151622011040001&rtnTarget=list9
"홈쇼핑 기획 및 상품운영 (홈쇼핑라이브, 티커머스, 라이브방송등) - 상품 MD","연봉 | 2,400만원 ~ 4,000만원",정규 | 주5일,09:30 ~ 18:30,"담당업무 :  홈쇼핑 기획 및 상품운영 (홈쇼핑라이브, 티커머스, 라이브방송등) - 상품 MD",경력1년 | 학력무관 | 서울특별시 강남구 논현로72길,https://www.work.go.kr/empInfo/empInfoSrch/detail/empDetailAuthView.do?searchInfoType=VALIDATION&callPage=detail&wantedAuthNo=K120032011030052&rtnTarget=list10
"단순 섭외 업무 TM 모집 - 정규직, 4대보험","연봉 | 1,800만원 이상",정규 | 주5일,10:00 ~ 17:00,"담당업무 :  ㈜씨엔오컨설팅 전화상담사(스케줄 섭외업무) 아웃바운드 TM 모집 - 정규직, 4대보험 ㈜씨엔오컨설팅은 2009년에 설립된 회사로 사원...",경력무관 | 학력무관 | 서울특별시 서초구 바우뫼로35길,https://www.work.go.kr/empInfo/empInfoSrch/detail/empDetailAuthView.do?searchInfoType=VALIDATION&callPage=detail&wantedAuthNo=K120142011030030&rtnTarget=list1
준공 및 입주청소 관리 정직원 모집,"시급 | 8,590원 ~ 8,590원",정규 | 주6일,08:00 ~ 18:00,"담당업무 :  준공 및 입주청소 관리 정직원 모집 근무지 시간 : 08:00~18:00 주6일 근무 급여 : 시급 8,590원 이상 면접 후 협의가능 근무지 : 경...",경력무관 | 고졸 | 대구광역시 북구 대현로,https://www.work.go.kr/empInfo/empInfoSrch/detail/empDetailAuthView.do?searchInfoType=VALIDATION&callPage=detail&wantedAuthNo=K140142011030016&rtnTarget=list2
공장관리자 구인,"연봉 | 6,000만원 이상",정규 | 주5일,09:00 ~ 18:00,"담당업무 :  화장품 원료용 식물성 추출물 및 기타 유효물질을 개발, 생산하는 업체에서 생산관리, 안전관리, 노무관리, 대관업무 등 전반적인 공...",경력20년 | 대졸(4년) | ~ 박사 강원도,https://www.work.go.kr/empInfo/empInfoSrch/detail/empDetailAuthView.do?searchInfoType=VALIDATION&callPage=detail&wantedAuthNo=K152412011030016&rtnTarget=list3
순창온리뷰 아파트 관리소장(경리업무 겸직) 구합니다,월급 | 295만원 이상,정규 | 주5일,09:00 ~ 18:00,담당업무 :  순창온리뷰 아파트관리소장 구합니다.(경리업무 겸직) 165세대,경력1년 | 고졸 | ~ 대졸(4년) 전라북도,https://www.work.go.kr/empInfo/empInfoSrch/detail/empDetailAuthView.do?searchInfoType=VALIDATION&callPage=detail&wantedAuthNo=K161132011030009&rtnTarget=list4
방배결혼정보,월급 | 200만원 ~ 200만원,정규 | 주5일,10:00 ~ 19:00,담당업무 :  직무 : 전화 상담 및 가입안내 급여 : 기본급 월200만+인센티브,신입 | 대졸(2~3년) | ~ 대졸(4년) 서울특별시,https://www.work.go.kr/empInfo/empInfoSrch/detail/empDetailAuthView.do?searchInfoType=VALIDATION&callPage=detail&wantedAuthNo=KF11022011020002&rtnTarget=list5
건물관리소장 모집( 방화관리사 자격증 소지),월급 | 130만원 이상,시간 | (단기),,담당업무 :  -6층 빌딩 경비 및 관리(방화관리사 자격증 필수) -간단한 문서작성 가능한 자만 지원,경력무관 | 학력무관 | 서울특별시 노원구 노해로,https://www.work.go.kr/empInfo/empInfoSrch/detail/empDetailAuthView.do?searchInfoType=VALIDATION&callPage=detail&wantedAuthNo=K120512011020034&rtnTarget=list6
현장 물품이동 적재 등 검수원,월급 | 180만원 ~ 180만원,정규 | 주5일,,"담당업무 :  *현장 물류이동 적재 등 검수 업무 * 주 5일 근무 (토~일, 공휴일 휴무) 토, 일 잔업있을 수 있음. (잔업시 1.5배 지급)",경력무관 | 학력무관 | 경상남도 창원시 진해구,https://www.work.go.kr/empInfo/empInfoSrch/detail/empDetailAuthView.do?searchInfoType=VALIDATION&callPage=detail&wantedAuthNo=KEC0132011020001&rtnTarget=list7
출하관리사무원,"연봉 | 2,400만원 이상",정규 | 주5일,,"담당업무 :  빵가루, 해초 생산업체로 출고관리직, 창고관리 지게차 가능한 분",신입 | 학력무관 | 경상남도 김해시 안곡로,https://www.work.go.kr/empInfo/empInfoSrch/detail/empDetailAuthView.do?searchInfoType=VALIDATION&callPage=detail&wantedAuthNo=K131312011020034&rtnTarget=list8
"[보람그룹] 상조, 웨딩, 크루즈 영업조직 / 소장 및 지점장 후보자 공개 채용",월급 | 300만원 ~ 500만원,정규 | 주5일,09:00 ~ 18:00,"담당업무 :  [***실업급여 및 광고때문에 전화 문의 또는 방문은 사절함****] ★담당업무★ - 조직 관리 및 조직 교육 - 리크루팅 - 상조, 웨딩, ...",경력1년 | 학력무관 | 서울특별시 성동구 왕십리로,https://www.work.go.kr/empInfo/empInfoSrch/detail/empDetailAuthView.do?searchInfoType=VALIDATION&callPage=detail&wantedAuthNo=K120122011020013&rtnTarget=list9
식품기업 원부자재 구매 관리자를 채용합니다.,"연봉 | 2,600만원 ~ 4,000만원",정규 | 주5일,08:30 ~ 17:30,담당업무 :  돈가스 등 육가공 식품에 소요되는 돼지고기 등 원재료와 지박스 포장재 등의 포장재료를 구매하는 업무입니다. 주간 생산계획에 맞추...,경력무관 | 학력무관 | 경기도 이천시 마장면,https://www.work.go.kr/empInfo/empInfoSrch/detail/empDetailAuthView.do?searchInfoType=VALIDATION&callPage=detail&wantedAuthNo=K151622011020005&rtnTarget=list10
정규직 사무직 사원 채용 공고,"연봉 | 2,200만원 ~ 2,400만원",정규 | 주6일,09:00 ~ 19:00,담당업무 :  수/발주 전산입력 각종 사무 현장업무지원 오피스 프로그램 활용능력 중급 이상 환영 능동적인 자세로 업무 배우고자 하는 의지 있으...,경력무관 | 학력무관 | 경기도 이천시 신둔면,https://www.work.go.kr/empInfo/empInfoSrch/detail/empDetailAuthView.do?searchInfoType=VALIDATION&callPage=detail&wantedAuthNo=K151622010300020&rtnTarget=list1
창고관리원 모집,"시급 | 8,590원 ~ 8,590원",비정규 | 주5일,08:00 ~ 17:00,담당업무 :  물류장고에서 용접봉 관리하는 업무 * 기초 영어읽기 및 컴퓨터 조작 가능자 우대,경력무관 | 학력무관 | 경기도 평택시 포승읍,https://www.work.go.kr/empInfo/empInfoSrch/detail/empDetailAuthView.do?searchInfoType=VALIDATION&callPage=detail&wantedAuthNo=KEC0092010300001&rtnTarget=list2
(주)SJGL이너웨어 물류 재고관리 및 납품직원,"연봉 | 2,200만원 ~ 3,000만원",정규 | 주5일,09:00 ~ 18:00,담당업무 :  - 물류 및 재고 관리 - 업체납품 등(스타렉스 운전),경력5년 | 학력무관 | 경기도 광주시 도척면,https://www.work.go.kr/empInfo/empInfoSrch/detail/empDetailAuthView.do?searchInfoType=VALIDATION&callPage=detail&wantedAuthNo=K151632010300010&rtnTarget=list3
(주)나경물류 물류사원 채용공고 CJ익산센터,월급 | 180만원 ~ 300만원,정규 | 주6일,09:00 ~ 18:00,담당업무 :  (주)나경물류 CJ익산센터 물류직원 채용공고 보직 : 상/저온창고 입고 제품 분류 (편의점) 근무지 : 전라북도 익산시 왕궁면 국가식품...,경력무관 | 학력무관 | 전라북도 익산시 왕궁면,https://www.work.go.kr/empInfo/empInfoSrch/detail/empDetailAuthView.do?searchInfoType=VALIDATION&callPage=detail&wantedAuthNo=K160042010290046&rtnTarget=list4
학원행정 및 그래픽/시각디자인 사원 모집 (신입/경력),월급 | 179만원 이상,정규 | 주5일,10:00 ~ 19:00,"담당업무 :  비전 : '숲으로 세상을 이롭게, 목재로 세상을 따뜻하게' 미션 : '목재 이용의 선순환 구조 조성' 당사는 협동...",경력무관 | 대졸(2~3년) | ~ 대졸(4년) 충청북도,https://www.work.go.kr/empInfo/empInfoSrch/detail/empDetailAuthView.do?searchInfoType=VALIDATION&callPage=detail&wantedAuthNo=K171112010290046&rtnTarget=list5
(주)나경물류 물류사원 채용공고 CJ강릉센터,월급 | 180만원 ~ 300만원,정규 | 주6일,09:00 ~ 18:00,담당업무 :  (주)나경물류 CJ강릉센터 물류직원 채용공고 보직 : 상/저온창고 입고 제품 분류 (편의점) 근무지 : 강원도 강릉시 구정면 회산로 171...,경력무관 | 학력무관 | 강원도 강릉시 구정면,https://www.work.go.kr/empInfo/empInfoSrch/detail/empDetailAuthView.do?searchInfoType=VALIDATION&callPage=detail&wantedAuthNo=K160042010290045&rtnTarget=list6
(주)나경물류 물류사원 채용공고 CU경산센터,월급 | 180만원 ~ 300만원,정규 | 주6일,08:00 ~ 17:00,담당업무 :  (주)나경물류 CU경산센터 물류직원 채용공고 보직 : 저온창고 입고 제품 분류 (편의점) 근무지 : 경북 경산시 진량읍 대구대로 513 (C...,경력무관 | 학력무관 | 경상북도 경산시 진량읍,https://www.work.go.kr/empInfo/empInfoSrch/detail/empDetailAuthView.do?searchInfoType=VALIDATION&callPage=detail&wantedAuthNo=K160042010290044&rtnTarget=list7
주식회사 컴플리트 온라인쇼핑몰 CS관리자 / 사무원 모집,월급 | 180만원 이상,정규 | 주5일,09:00 ~ 18:00,"담당업무 :  상담 [상담>심리상담>심리상담] 온라인 쇼핑몰관리 - 고객문의 상담 및 처리 (유선, 게시판 등등) - 온라인쇼핑몰 관리 ㅡㅡㅡ...",경력무관 | 학력무관 | 경기도 양주시 고읍남로191번길,https://www.work.go.kr/empInfo/empInfoSrch/detail/empDetailAuthView.do?searchInfoType=VALIDATION&callPage=detail&wantedAuthNo=K151582010290017&rtnTarget=list8
총무 자재 관리 팀장급 모집,월급 | 230만원 ~ 270만원,정규 | 주6일,08:00 ~ 18:00,"담당업무 :  - 영업기획, 리조트 일반 관리 사무 업무 - 행정대관업무 등 - 일반 관리 업무",경력5년 | 대졸(2~3년) | ~ 박사 경기도,https://www.work.go.kr/empInfo/empInfoSrch/detail/empDetailAuthView.do?searchInfoType=VALIDATION&callPage=detail&wantedAuthNo=K151622010290020&rtnTarget=list9
경리/사무 및 판매장 진열,월급 | 200만원 이상,정규 | 주5일,09:00 ~ 18:00,담당업무 :  아산에 위치한 로컬푸드 매장입니다.. 경리/사무/행정 업무를 기본으로 로컬푸드 판매장 상품 진열 및 캐셔 업무를 보조해 주시면 됩...,경력3년 | 고졸 | ~ 대졸(2~3년) 충청남도,https://www.work.go.kr/empInfo/empInfoSrch/detail/empDetailAuthView.do?searchInfoType=VALIDATION&callPage=detail&wantedAuthNo=K172122010290009&rtnTarget=list10
출고부 사원모집,"연봉 | 2,160만원 ~ 2,400만원",정규 | 주5일,09:00 ~ 18:00,"담당업무 :  문구,스티커 출고부 사원모집합니다. 제품입출고, 포장관리 업무입니다. 급여 면접시 협의 해주세요. 근무시간 월~금 09시~18시 토,일...",신입 | 고졸 | ~ 대졸(4년) 경기도,https://www.work.go.kr/empInfo/empInfoSrch/detail/empDetailAuthView.do?searchInfoType=VALIDATION&callPage=detail&wantedAuthNo=K151572010290015&rtnTarget=list1
가구 및 욕실장 관리직(공장장) 모집 (동종업계경력자 우대),월급 | 220만원 ~ 420만원,정규 | 주6일,,담당업무 :  -공장관리 -인원관리,경력무관 | 학력무관 | 경기도 김포시 대곶면,https://www.work.go.kr/empInfo/empInfoSrch/detail/empDetailAuthView.do?searchInfoType=VALIDATION&callPage=detail&wantedAuthNo=K151222010280041&rtnTarget=list2
사무직원,월급 | 180만원 이상,비정규 | 주5일,09:00 ~ 18:30,"담당업무 :  온라인 판매제품 수집,발송 ,전표발행,출고 사무업무",경력무관 | 고졸 | ~ 대졸(4년) 경기도,https://www.work.go.kr/empInfo/empInfoSrch/detail/empDetailAuthView.do?searchInfoType=VALIDATION&callPage=detail&wantedAuthNo=K151812010280040&rtnTarget=list3
시니어 (주) 플랜지 레스토랑 안내 단시간 업무,"시급 | 10,000원 ~ 10,000원",시간 | (장기),11:00 ~ 15:00,"담당업무 :  송도 트리플스트리트 C동 깨비홀 접객업무 -직무 : 예약관리, 브랜드소개, 결제, 그리팅, 컨시어지 업무 -11:00 - 15:00 (일 4시간, ...",경력무관 | 학력무관 | 인천광역시 연수구 송도과학로16번길,https://www.work.go.kr/empInfo/empInfoSrch/detail/empDetailAuthView.do?searchInfoType=VALIDATION&callPage=detail&wantedAuthNo=KJDI002010280008&rtnTarget=list4
회계경리사무원을 채용합니다.(더존필수),월급 | 208만원 이상,비정규 | 주5일,09:00 ~ 18:00,"담당업무 :  더존필수/인사/노무/회계/총무(4대보험,급여)/결산 가능한분 [재무ㆍ회계>회계>회계·감사] 결산처리 결산분개하기,결산준비하기...",경력1년 | 대졸(4년) | 경상남도 창원시 마산회원구,https://www.work.go.kr/empInfo/empInfoSrch/detail/empDetailAuthView.do?searchInfoType=VALIDATION&callPage=detail&wantedAuthNo=K131112010280021&rtnTarget=list5
회계/경리/총무사무원(제조건설분야)을 모집합니다.(더존필수),월급 | 216만원 이상,비정규 | 주5일,09:00 ~ 18:00,"담당업무 :  더존자체기장,회계사무소 있음.4대보험,급여,근태 ,인사(입,퇴사관리)외 기타 나라장터와 연계한 건설/제조 공무 --상기 사항이 핵심-...",경력1년 | 대졸(4년) | 경상남도 창원시 마산회원구,https://www.work.go.kr/empInfo/empInfoSrch/detail/empDetailAuthView.do?searchInfoType=VALIDATION&callPage=detail&wantedAuthNo=K131112010280020&rtnTarget=list6
행정사무 및 해외영업/국책사업/대관업무 담당자를 모집합니다.,월급 | 216만원 이상,비정규 | 주5일,09:00 ~ 18:00,"담당업무 :  해외:라오스,캄보디아,인도 바이어 및 기타 업무 대응(영어 가능자 우대) 국내:공공조달 및 당사 행정 업무 관리/국책사업 대응/대관...",경력무관 | 대졸(4년) | 경상남도 창원시 마산회원구,https://www.work.go.kr/empInfo/empInfoSrch/detail/empDetailAuthView.do?searchInfoType=VALIDATION&callPage=detail&wantedAuthNo=K131112010280019&rtnTarget=list7
법인회사 경리경력직원 구합니다. (1명/경력:3년이상/주5일/청도풍각농공단지내),월급 | 200만원 ~ 220만원,정규 | 주5일,08:30 ~ 17:30,"담당업무 :  새한합성산업(주)에서 매출,매입 총괄하는 경리 회계 를 전담할 경력직원을 모집합니다. 현재 1명 근무중 1명 추가 채용중. 저희 법인...",경력3년 | 학력무관 | 경상북도 청도군 풍각면,https://www.work.go.kr/empInfo/empInfoSrch/detail/empDetailAuthView.do?searchInfoType=VALIDATION&callPage=detail&wantedAuthNo=K140132010280003&rtnTarget=list8
"[정규직모집] 가설재  생산관리, 공장장  정규직 채용","연봉 | 3,000만원 이상",정규 | 주6일,,담당업무 :  [정규직 채용] 생산관리 총괄 공장장 모집 모집부문 및 상세내용 공통 자격요건 -학력 : 무관 -나이/성별 : 무관 -경력자 우대 -자기...,경력1년 | 학력무관 | 충청북도 음성군 금왕읍,https://www.work.go.kr/empInfo/empInfoSrch/detail/empDetailAuthView.do?searchInfoType=VALIDATION&callPage=detail&wantedAuthNo=K171252010280001&rtnTarget=list9
창고관리 직원을 모집합니다.,"연봉 | 2,900만원 이상",정규 | 주5일,,담당업무 :  당사는 소형모터를 유통하는 모터종합상사로서 당사 창고의 입고 및 출고 확인 및 창고물류를 관리하실 분을 모십니다. 물건을 배달하...,경력무관 | 고졸 | ~ 대졸(4년) 서울특별시,https://www.work.go.kr/empInfo/empInfoSrch/detail/empDetailAuthView.do?searchInfoType=VALIDATION&callPage=detail&wantedAuthNo=K120612010270057&rtnTarget=list10
"생산,영업관리원 모집",월급 | 210만원 ~ 240만원,정규 | 주6일,08:00 ~ 18:30,담당업무 :  생산관리 및 영업관리 -거래처 납품 있을수 있음(1톤),경력무관 | 고졸 | 경상남도 김해시 주촌면,https://www.work.go.kr/empInfo/empInfoSrch/detail/empDetailAuthView.do?searchInfoType=VALIDATION&callPage=detail&wantedAuthNo=KJSE002010270001&rtnTarget=list1
본사 직원 모집(운전가능자만 지원),월급 | 250만원 ~ 250만원,정규 | 주6일,08:00 ~ 19:00,담당업무 :  -근무지: 청소 용역관리업무 -조 건: 08:00-19:00(주6일) -월급여: 월250 -우대사항: 운전가능자이며 지방출장 가능자(필요시 지방현...,경력무관 | 학력무관 | 서울특별시 송파구 거마로9길,https://www.work.go.kr/empInfo/empInfoSrch/detail/empDetailAuthView.do?searchInfoType=VALIDATION&callPage=detail&wantedAuthNo=KJAC002010260002&rtnTarget=list2
웬떡마을 영농조합법인 직원 모집,월급 | 200만원 이상,정규 | 주4일,08:00 ~ 19:00,담당업무 :  웬떡마을 영농조합법인 - 사회적 기업으로 청중장년 우대 - 용인시 인근 거주자 우대 (떡 및 식품 단순 제조 업무) - 시간제 근무 가...,경력무관 | 학력무관 | 경기도 용인시 처인구,https://www.work.go.kr/empInfo/empInfoSrch/detail/empDetailAuthView.do?searchInfoType=VALIDATION&callPage=detail&wantedAuthNo=K151132010260075&rtnTarget=list3
(청년일경험사업)행정직 사무원 모집,"시급 | 9,000원 ~ 9,000원",비정규 | 주5일,08:30 ~ 17:30,담당업무 :  한글 워드 PPT 엑셀 작업 기본적으로 사무 행정업무 경력이 있으셔야함.,경력2년 | 대졸(2~3년) | ~ 박사 인천광역시,https://www.work.go.kr/empInfo/empInfoSrch/detail/empDetailAuthView.do?searchInfoType=VALIDATION&callPage=detail&wantedAuthNo=K150012010260079&rtnTarget=list4
품질관리팀 ( HACCP ),월급 | 180만원 ~ 190만원,비정규 | 주5일,08:30 ~ 18:00,담당업무 :  품질관리원 (HACCP) - 경력 : 무관 (신입도 지원 가능),경력무관 | 학력무관 | 충청북도 제천시 봉양읍,https://www.work.go.kr/empInfo/empInfoSrch/detail/empDetailAuthView.do?searchInfoType=VALIDATION&callPage=detail&wantedAuthNo=K171212010260002&rtnTarget=list5
전통시장 서비스 컨설턴트 모집,월급 | 230만원 ~ 250만원,시간 | (단기),10:00 ~ 18:00,"담당업무 :  부천상동시장 문화관광형시장 육성사업단에서는 정부가 추진하고 있는 전통시장의 3대 서비스혁신(카드사용 활성화, 점포 위생청결, ...",경력3년 | 대졸(4년) | ~ 석사 경기도,https://www.work.go.kr/empInfo/empInfoSrch/detail/empDetailAuthView.do?searchInfoType=VALIDATION&callPage=detail&wantedAuthNo=K151232010260016&rtnTarget=list6
"(중,장년우대) 경험을 바탕으로 능력을 펼쳐 볼 홍보마케팅 관리 책임자모집",월급 | 200만원 이상,정규 | 주5일,09:00 ~ 18:00,"담당업무 :  경험을 바탕으로 능력을 펼쳐 볼 ""홍보마케팅 관리 책임자모집"" 오랜 사회경험을 바탕으로 자신의 능력을 마음껏 펼쳐 볼 ...",경력무관 | 학력무관 | 부산광역시 동래구 명륜로103번길,https://www.work.go.kr/empInfo/empInfoSrch/detail/empDetailAuthView.do?searchInfoType=VALIDATION&callPage=detail&wantedAuthNo=K130112010230044&rtnTarget=list7
회계 경리 총무직원(삼랑진 공장근무자) 모집합니다.,월급 | 200만원 이상,비정규 | 주5일,09:00 ~ 18:30,"담당업무 :  1. 매입매출 자료 영수증 포함 경영박사 프로그램이용 저장 및 분류 2. 회계사무실 전체 송부자료 정리 3. 회사관련 차량 , 기타경비 ...",경력5년 | 고졸 | ~ 대졸(4년) 경상남도,https://www.work.go.kr/empInfo/empInfoSrch/detail/empDetailAuthView.do?searchInfoType=VALIDATION&callPage=detail&wantedAuthNo=K131322010230010&rtnTarget=list8
하네스 경력직 채용합니다.,"연봉 | 4,000만원 ~ 5,000만원",정규 | 주5일,09:30 ~ 17:30,담당업무 :  하네스 생산관리 총괄업무(하네스 공장 생산관리 유경험자),경력10년 | 대졸(2~3년) | ~ 대졸(4년) 경기도,https://www.work.go.kr/empInfo/empInfoSrch/detail/empDetailAuthView.do?searchInfoType=VALIDATION&callPage=detail&wantedAuthNo=K151122010230032&rtnTarget=list9
정보파는사람들 신규 상담원 모집(단순콜-아웃바운드),월급 | 180만원 이상,정규 | 주5일,09:00 ~ 18:00,담당업무 :  정부 및 공공기관에서 제공하는 전자입찰정보를 수집하여 회원사에게 맞춤형 분석서비스 제공하는 BID사업부에서 회원사 모집업무를 ...,경력1년 | 학력무관 | 경기도 김포시 태장로795번길,https://www.work.go.kr/empInfo/empInfoSrch/detail/empDetailAuthView.do?searchInfoType=VALIDATION&callPage=detail&wantedAuthNo=K151222010220024&rtnTarget=list10
[남원주 현대서비스]사무원 채용 공고,"연봉 | 2,500만원 이상",비정규 | 주6일,,"담당업무 :  현대자동차 종합정비(보증수리,일반수리,사고수리)등을 담당하는 업체입니다. - 자동차정비 접수,수납,전화,예약관리 등 응대업무 - ...",경력무관 | 고졸 | ~ 대졸(4년) 강원도,https://www.work.go.kr/empInfo/empInfoSrch/detail/empDetailAuthView.do?searchInfoType=VALIDATION&callPage=detail&wantedAuthNo=K152412010210027&rtnTarget=list1
사무직 2개월 모집(내일키움일자리사업),월급 | 180만원 ~ 180만원,비정규 | 주5일,09:00 ~ 18:00,"담당업무 :  **2020년 내일키움 일자리 사업 참여대상: 기준 중위소득 75% 이하인 자** 1.직무내용 -서류정리 및 전산사용 2.근무조건 -주 5일, 9:...",경력무관 | 학력무관 | 울산광역시 남구 번영로,https://www.work.go.kr/empInfo/empInfoSrch/detail/empDetailAuthView.do?searchInfoType=VALIDATION&callPage=detail&wantedAuthNo=KJGB002010210003&rtnTarget=list2
오션갤러리 프리미어빌라스 경리주임 구인,월급 | 205만원 이상,비정규 | 주6일,,"담당업무 :  아파트 관리사무소 경리사원 (관리비, 수도세, 전기세 관리 등 전반적인 업무)",경력무관 | 학력무관 | 제주특별자치도 서귀포시 성산읍,https://www.work.go.kr/empInfo/empInfoSrch/detail/empDetailAuthView.do?searchInfoType=VALIDATION&callPage=detail&wantedAuthNo=KF11642010210001&rtnTarget=list3
우리은행 평일근무(인바운드) 상담직원 채용,월급 | 179만원 ~ 250만원,비정규 | 주5일,09:00 ~ 18:00,"담당업무 :  [직무내용] * 대출/예금 서류안내 팀: 예금(기본안내), 대출(잔액조회), * 우리은행 영업점 안내 * 영업 아님 * 신입 무관 [교육] *15...",경력무관 | 학력무관 | 서울특별시 성동구 아차산로15길,https://www.work.go.kr/empInfo/empInfoSrch/detail/empDetailAuthView.do?searchInfoType=VALIDATION&callPage=detail&wantedAuthNo=KF10952010200001&rtnTarget=list4
[예비사회적기업] 사무회계 담당자 모집,월급 | 179만원 ~ 179만원,정규 | 주5일,09:00 ~ 18:00,"담당업무 :  ㅇ사무 관리 - 재고관리, 문서 정리, 법정의무교육 등 ㅇ회계 - 4대보험 처리 및 각종 이체 - 지출결의서 작성 및 증빙 - 월/분기/연 ...",경력1년 | 학력무관 | 경기도 부천시 소향로,https://www.work.go.kr/empInfo/empInfoSrch/detail/empDetailAuthView.do?searchInfoType=VALIDATION&callPage=detail&wantedAuthNo=K151232010200001&rtnTarget=list5
총무 및 영업관리 모집[경력5년이상],월급 | 220만원 이상,비정규 | 주5일,09:00 ~ 18:00,"담당업무 :  회사 총무,경리,관리경험자로서 관리팀 팀장급업무 유경험자로 전반적인 업무 영업및영업관리경험자우대. 자격증소지자우대(전기 또는 ...",경력5년 | 고졸 | ~ 대졸(4년) 강원도,https://www.work.go.kr/empInfo/empInfoSrch/detail/empDetailAuthView.do?searchInfoType=VALIDATION&callPage=detail&wantedAuthNo=K152512010190007&rtnTarget=list6
정옥랑세무회계사무소 경력직 모집합니다(2년차 이상),월급 | 185만원 ~ 250만원,정규 | 주5일,10:00 ~ 17:30,"담당업무 :  1,3,5호선 종로3가역 4번출구 도보 2분거리에 있는 정옥랑세무회계사무소 입니다. 원천세, 부가세, 종합소득세,법인세 신고 가능한 2...",경력2년 | 학력무관 | 서울특별시 종로구 돈화문로11길,https://www.work.go.kr/empInfo/empInfoSrch/detail/empDetailAuthView.do?searchInfoType=VALIDATION&callPage=detail&wantedAuthNo=K120122010160019&rtnTarget=list7
골프 상품기획 및 CS 회원관리 경력자 채용,월급 | 240만원 ~ 300만원,정규 | 주5일,09:00 ~ 18:00,담당업무 :  [모집부문] 골프 상품기획 및 CS 회원관리 경력직 [담당업무] - 골프 여행상품 기획 - VOC를 통한 회원관리 및 고객조사업무 - 앱내 ...,경력1년 | 학력무관 | 서울특별시 구로구 디지털로26길,https://www.work.go.kr/empInfo/empInfoSrch/detail/empDetailAuthView.do?searchInfoType=VALIDATION&callPage=detail&wantedAuthNo=K163012010160004&rtnTarget=list8
원자재관리 . 생산지원,"연봉 | 2,160만원 ~ 2,400만원",정규 | 주5일,08:30 ~ 19:30,담당업무 :  사출 원재료 관리 원재료 창고관리 생산지원,신입 | 학력무관 | 경기도 화성시 팔탄면,https://www.work.go.kr/empInfo/empInfoSrch/detail/empDetailAuthView.do?searchInfoType=VALIDATION&callPage=detail&wantedAuthNo=K151152010150123&rtnTarget=list9
건물관리소장 구인,월급 | 225만원 이상,비정규 | 주5일,09:00 ~ 18:00,담당업무 :  건물 관리소장 전반적인 업무 * 소방안전 1급소지자 * 경력 1년이상 희망,경력1년 | 학력무관 | 경상남도 창원시 의창구,https://www.work.go.kr/empInfo/empInfoSrch/detail/empDetailAuthView.do?searchInfoType=VALIDATION&callPage=detail&wantedAuthNo=K131132010150034&rtnTarget=list10
