요양보호사 모집,"시급 | 10,800원 ~ 10,800원",시간 | (장기),10:00 ~ 13:00,담당업무 :  -남천병원 뒷편 주택가 원룸거주 3등급 여자어르신 -주5일 10~13시 근무,경력무관 | 학력무관 | 경기도 군포시 수리산로203번길
재가요양보호사 (부평동 4급 여성 어르신),"시급 | 11,000원 ~ 11,000원",시간 | (장기),14:00 ~ 17:00,담당업무 :  <구인내용> * 대상자 : 4등급 할머니 * 근무지 : 부평구 부평동 169-2 * 근무시간 : 14시~17시(주5일) * 시급 : 시급 ...,경력무관 | 학력무관 | 인천광역시 부평구 장제로126번길
[동구 지저동]재가요양보호사 구인,"시급 | 10,850원 ~ 10,850원",시간 | (장기),09:00 ~ 12:00,"담당업무 :  - 대상 : 4등급할머니 - 업무 : 신체활동지원,가사지원 - 위치 : 동구 지저동 입석네거리 농협인근 - 근무조건 : 09:00~12:00(주5회)...",경력무관 | 학력무관 | 대구광역시 동구 공항로
[좌동] 재가요양보호사 구인,"시급 | 8,590원 이상",시간 | (장기),,담당업무 :  [좌동] 재가요양보호사 구인 - 근무지 : 좌동 동신아파트 - 대상자 : 4등급 할머니 - 시간 : 오전 또는 오후 면접 후 협의가능/주5일 ...,경력 | 학력무관 | 부산광역시 해운대구 좌동순환로217번길
[송현동]재가요양보호사 구인,"시급 | 10,800원 ~ 10,800원",시간 | (장기),08:30 ~ 11:30,"담당업무 :  송현초등학교 인근 3등급 할아버지 케어하실분 구인 근무시간: 08:30~11:30 (주5일) 시 급: 10,800원 문의전화:010-2933-4832",경력무관 | 학력무관 | 대구광역시 달서구 송현로
치매요양 재가 요양보호사 모집[남구 봉덕동],"시급 | 10,850원 ~ 10,850원",시간 | (장기),09:00 ~ 12:00,"담당업무 :  남구 봉덕동 봉덕초등학교 인근 5등급 할머니 오전9시~12시. 주6일 근무 시급10,850원 + 치매교육수당 별도 *문의 : 010-9059-5449",경력무관 | 학력무관 | 대구광역시 남구 효성로
건물미화원 급구 (하루 2시간근무),월급 | 31만원 이상,시간 | (장기),07:00 ~ 09:00,담당업무 :  - 건물 청소 새건물이라 깨끗하여 힘들지 않습니다,경력무관 | 학력무관 | 부산광역시 부산진구 새싹로
GS건설 공사현장(의정부역스카이자이) 경비원 채용,월급 | 250만원 이상,비정규 | 격일,,담당업무 :  1. 업무 내용 : GS건설 의정부역스카이자이 내 공사현장 격일경비원 업무 2. 근무 위치 : 경기도 의정부시 의정부동 238-10 3. 급여 ...,경력1년 | 학력무관 | 경기도 의정부시 호국로1273번길
[소하동] 재가요양보호사 모집,"시급 | 10,850원 이상",시간 | (장기),09:00 ~ 12:00,"담당업무 :  - 소하휴먼시아 4단지 3등급 여자어르신 - 근무시간: 주5일/09:00-12:00 - 시급 10,850원 * 급한 구인건으로 지원 희망하시는 분은 ...",경력무관 | 학력무관 | 경기도 광명시 소하로
경비원 모집합니다,월급 | 200만원 ~ 210만원,비정규 | 격일,07:00 ~ 07:00,"담당업무 :  아파트경비, 경비이수교육 필수, 4대보험 가입 경력자분만 지원바랍니다. 전화 문의가 많아 업무에 지장이 있는 관계로, 방문하여 이...",경력3년 | 학력무관 | 경기도 포천시 소흘읍
아파트 내부미화원 구인(가정동),월급 | 140만원 이상,시간 | (장기),,담당업무 :  **아파트 내부 미화원구인 (가정동 루원더퍼스트아파트) - 문의:미화반장 010-8909-5494,경력무관 | 학력무관 | 인천광역시 서구 봉오재2로
관리소 주차관리원 모집,월급 | 185만원 이상,비정규 | 주6일,16:00 ~ 23:00,담당업무 :  집합건물 야간 주차관리및 관리소 근무,경력무관 | 고졸 | 경기도 광명시 범안로
[초읍동] 재가요양보호사 채용,"시급 | 10,800원 ~ 10,800원",시간 | (장기),14:00 ~ 17:00,담당업무 :  -4등급 여자어르신 / 배우자와 함께 거주 -가사도움/ 병원동행 - 인근거주자 - 14:00-17:00 /주5일/,경력무관 | 학력무관 | 부산광역시 부산진구 성지곡로
[당감동] 재가요양보호사 모집(치매교육이수자),"시급 | 8,590원 ~ 8,590원",시간 | (장기),09:00 ~ 11:30,"담당업무 :  ✔ 부산진구 당감동 거주 ✔ 5등급 여자어르신 ✔ 치매이수자격증 필수 ✔ 식사지원, 가사지원, 신체활동지원 ✔ 주5회(월~금/오전 09...",경력무관 | 학력무관 | 부산광역시 부산진구 백양대로64번길
아파트 미화원 모집공고,월급 | 123만원 이상,시간 | (장기),,"담당업무 :  아파트 실내 미화원 모집 초보자환영, 경력자 우대 신주 있음",경력무관 | 학력무관 | 경상북도 경산시 대학로9길
요양보호사 구인,"시급 | 10,800원 이상",시간 | (단기),09:00 ~ 12:00,"담당업무 :  2등급 남자어르신케어 (가족 거주) 주5일 10:00~13:00 시급 10,800원",경력무관 | 학력무관 | 인천광역시 부평구 서촌로
재가요양보호사 구인,"시급 | 10,850원 ~ 10,850원",시간 | (장기),,담당업무 :  *4등급 여자어르신(독거) :남동구 논현동 소래휴먼시아3단지 *시간 : 오후17시 40분~오후19시40분(일2시간) :주간보호센터 다니심 *요...,경력무관 | 학력무관 | 인천광역시 남동구 앵고개로815번길
재가요양보호사 구인,"시급 | 11,000원 ~ 11,000원",시간 | (장기),11:00 ~ 14:00,담당업무 :  * 근무지 : 연수구 신송로 165-19 * 대상자 : 4등급 할아버님(독거) * 시 간 : 11:00~14:00 * 요 일 : 월~금/ 격주 토요일 ...,경력무관 | 학력무관 | 인천광역시 연수구 신송로
공장경비원 모집,"시급 | 8,590원 이상",정규 | 격일,08:00 ~ 08:00,담당업무 :  공장 경비,경력무관 | 학력무관 | 경기도 동두천시 평화로2862번길
주차관리원,월급 | 182만원 ~ 182만원,정규 | 주6일,08:00 ~ 17:00,담당업무 :  *세종병원 주차관리/주차유도원 *월-금 (09:00-17:00) 토 (09:00-13:00)격주 *월급 182만원 *1종스틱가능자 *꾸준히 오래하실분,경력무관 | 학력무관 | 경기도 부천시 호현로489번길
재가요양보호사 모집,월급 | 300만원 이상,정규 | 주6일,,담당업무 :  * 2등급 할머니 케어 * 입주요양보호사 모집 * 주6일 (일일 4시간 공단제공포함) 300만원,경력무관 | 학력무관 | 경기도 과천시 별양로
양곡 고다니마을 8단지 미화원 모집,월급 | 134만원 이상,시간 | (단기),,"담당업무 :  - 양곡 고다니마을양곡휴먼시아8단지 미화원 모집 - 근무시간: 평일 9시00-3시30 /토 9시- 12시 - 급여 : 1,343,740원",경력무관 | 학력무관 | 경기도 김포시 양촌읍
재가요양보호사구인,"시급 | 10,800원 ~ 10,800원",정규 | 주5일,09:00 ~ 12:00,"담당업무 :  - 4등급할아버님(독거) - 주5일(09:00~12:00) - 시10,800원",경력무관 | 학력무관 | 인천광역시 남동구 용천로5번길
[다산동]입주재가요양보호사 구인,월급 | 260만원 이상,정규 | 주6일,,"담당업무 :  - 수급자정보: 74세 4등급 할머니케어 - 장기요양보험법에 의한 일상생활지원, 가사, 신체지원 * 실제 서비스 제공기간에 따라 임금을...",경력무관 | 학력무관 | 경기도 남양주시 경춘로
[용산구 문배동] 주상복합 건물 청소원 모집,월급 | 142만원 이상,비정규 | 주5일,,"담당업무 :  [용산구 문배동, KCC웰츠타워 주상복합 청소원 모집] ▣ 근무지 : 용산구 백범로90길 90(문배동) ▣ 직무내용 : 주상복합(아파트 또는...",경력무관 | 학력무관 | 서울특별시 용산구 백범로90길
건물 경비 업무,월급 | 188만원 이상,정규 | 격일,,"담당업무 :  * 직무 : 건물 경비 업무,차량 입출입 통제 * 근무시간 : 07시 격일 근무 *꼭 전화하지 마시고, 이메일(yjchoi@actiogis.com),...",경력무관 | 학력무관 | 경기도 김포시 고촌읍
고덕삼환 아파트 경비원 채용,월급 | 179만원 ~ 179만원,비정규 | 격일,,담당업무 :  - 서울시 강동구 고덕로62길 126(고덕삼환 아파트) - 아파트경비업무 / 격일제(06:30-익일06:30) *면접일시 : 11월 23일(월) 15...,경력무관 | 학력무관 | 서울특별시 강동구 고덕로62길
재가 요양보호사 구인,"시급 | 10,800원 ~ 10,800원",시간 | (장기),09:00 ~ 11:30,"담당업무 :  근무지 : 간석동 풍림아파트 대상자 : 2등급 여자어르신 근무시간 : 오전9시~오전11시30분(주5일) 시급 : 10,800원",경력무관 | 학력무관 | 인천광역시 남동구 용천로4번길
아파트 경비원 채용,월급 | 196만원 이상,정규 | 격일,06:00 ~ 06:00,담당업무 :  - 심곡동 아시아드경기장 부근 아파트 경비 - 복지카드 소지자 - 12월1일부터 근무 가능자,경력무관 | 학력무관 | 인천광역시 서구 심곡로
재가요양보호사 모집,"시급 | 10,800원 ~ 10,800원",시간 | (장기),14:00 ~ 17:00,담당업무 :  - 4등급 할머님 ( 신규 등급 받으심) - 남양주 오납읍 오남신일아파트 거주 (남양주 CC 인근) - 일상생활 지원 - 오후 2시~5시 또는 3...,경력무관 | 학력무관 | 경기도 남양주시 오남읍
주방보조 구합니다(산막공단),월급 | 179만원 ~ 180만원,정규 | 주5일,,담당업무 :  주방보조 / 홀청소 / 설거지 하실 분 구합니다 자차 필수입니다. (출퇴근 할 때 직원 한 분 태워다 주셔야 합니다 - 유류비 별도 지급...,경력무관 | 학력무관 | 경상남도 양산시 산막공단북9길
[평택 진위/주5일]식품생산공장 작업원 모집,월급 | 190만원 이상,비정규 | 주5일,,"담당업무 :  업무내용 - 월~금요일 08:00~17:00 근무 연장, 휴일근무 간헐적 발생(수당 별도 지급) - 생산 원료 투입(단순업무) - 작업장 정리정돈...",경력무관 | 학력무관 | 경기도 평택시 진위면
재가 요양보호사 구인,"시급 | 10,800원 ~ 10,800원",시간 | (장기),13:00 ~ 16:00,"담당업무 :  근무지 : 용현시장 인근 대상자 : 2등급 여자어르신(기저귀케어x) 근무시간 : 오후1시~4시, 주5일근무 시급 : 10,800원",신입 | 학력무관 | 인천광역시 미추홀구 독정이로33번길
재가요양보호사,"시급 | 11,000원 ~ 11,000원",시간 | (장기),16:00 ~ 19:00,"담당업무 :  -3등급 할머니, 거동가능 -부부거주 -식사준비, 청소, 반찬1~2가지, 주1회목욕",경력1년 | 학력무관 | 경기도 안양시 만안구
아파트 청소원 모집,월급 | 165만원 이상,시간 | (단기),,"담당업무 :  ▶은계 아린트리 아파트 청소반장 모집 ▶주6일근무/ 평일 09:00 ~ 16:00(휴게시간1시간10분)/ 토요일 (09:00~12:00) ▶급여:1,...",경력무관 | 학력무관 | 경기도 시흥시 은계중앙로
[용산구 동부이촌동] 아파트 미화원 모집,월급 | 109만원 이상,시간 | (단기),,"담당업무 :  [동부이촌동 이촌현대아파트, 미화원] -직무내용 : 아파트 청소(신주있음) -근무시간 : 주5일 근무 / 월~금 09:00~15:00(점심 11:30...",경력무관 | 학력무관 | 서울특별시 용산구 이촌로
남촌동 요양보호사,"시급 | 10,850원 ~ 10,850원",시간 | (장기),09:30 ~ 12:30,"담당업무 :  - 4등급, 여자 어르신 재가요양 - 남촌동 - 09시 30분 ~ 12시 30분 주 5일 근무 - 시급 : 10,850원",경력무관 | 학력무관 | 인천광역시 남동구 남촌로93번길
[미아동] 2등급 할머니 요양보호사 구인,"시급 | 11,500원 ~ 11,500원",시간 | (장기),,"담당업무 :  [강북구 미아동] 2등급 할머니 요양보호사 : 거동가능, 화장실출입혼자가능, 일상생활 지원 및 가사지원, 따님과 함께 거주 - 근무시...",경력무관 | 학력무관 | 서울특별시 강북구 삼양로27길
부평현대1단지아파트 미화원 모집,월급 | 114만원 ~ 114만원,정규 | 주6일,,"담당업무 :  -모집인원: 2명(12/1부터 근무) -근무지: 부평구 경원대로1269 (부평현대1단지아파트) -주 6일/오전9시~오후3시/월급1,148,483원 -...",경력무관 | 학력무관 | 인천광역시 부평구 경원대로
재가요양보호사 모집합니다,"시급 | 11,000원 이상",정규 | 주6일,,담당업무 :  ▶ 식사준비 및 가사도움 (오후 근무도 가능한자 ...오전 또는 오후 상황에 따라 변경 가능한 자) ▶3등급 여자어르신 ▶주6일 오전3...,경력무관 | 학력무관 | 부산광역시 해운대구 아랫반송로70번길
재가요양보호사 모집,"시급 | 10,850원 ~ 10,850원",시간 | (장기),09:00 ~ 12:00,담당업무 :  대원주유소 근처 (오전이나 오후 무관) 4등급 할머니 (치매가 있으심)/ 아들과 살고 계시나 근무지장없슴 반찬 잘하시는 분 희망,경력무관 | 학력무관 | 서울특별시 구로구 개봉로11길
"[화성, 서신면] 입주재가요양보호사 모집안내",월급 | 320만원 ~ 320만원,정규 | 주7일,09:00 ~ 21:00,"담당업무 :  * 입주재가 요양보호사 모집안내 - 보호대상: 1등급 80대 여성 - 직무내용: 식사도움, 신체활동지원 등 일반재가요양업무 - 근무시간:...",경력 | 학력무관 | 경기도 화성시 서신면
재가요양보호사모집,"시급 | 10,845원 ~ 10,845원",정규 | 주5일,09:00 ~ 15:00,"담당업무 :  4등급 여자어르신 (식사수발, 주변위생관리, 기저귀케어, 낙상예방케어 ) 근무: 주6일 , 09:00~15:00 급여: 시급10,845",경력무관 | 학력무관 | 경기도 화성시 효행로
식당 주차관리 및 기타 단순서비스 하실분 모집합니다,월급 | 250만원 이상,정규 | 주5일,10:00 ~ 22:00,담당업무 :  - 주차관리 및 기타 단순서비스(숯불 준비 등) - 월 6일 휴무,경력무관 | 학력무관 | 경기도 광명시 양달로
재가요양보호사 모집 (입주),"시급 | 10,800원 ~ 10,800원",시간 | (장기),09:00 ~ 13:00,"담당업무 :  동두천 하나로마트인근 주택 1등급할아버지(배우자 계심) -입주요양보호사 모집 (와상,기저귀케어, 석션, 휠체어 사용(체구가 약함), ...",경력무관 | 학력무관 | 경기도 동두천시 중앙로
미화원,월급 | 120만원 ~ 120만원,시간 | (장기),,"담당업무 :  백제병원 미화(병실, 복도, 화장실)",경력무관 | 학력무관 | 충청남도 논산시 시민로294번길
[안산시 신길동] 아파트 미화원 구인(복지카드소지자우대),월급 | 123만원 이상,비정규 | 주6일,,"담당업무 :  [안산신길 휴먼시아 5단지 아파트, 미화원] - 아파트 미화(신주 없음) - 토요일 격주 근무 / 월~금 09:00~15:30, 토 09:00~11:...",경력무관 | 학력무관 | 경기도 안산시 단원구
아파트 경비원 모집안내,월급 | 187만원 ~ 187만원,정규 | 격일,06:00 ~ 06:00,"담당업무 :  * 서해아파트 경비원 모집안내 - 야간순찰, 시설보안, 분리수거 등 - 근무시간: 06:00 교대(2교대) - 급여:187만원 - 월휴무:1일 - 제...",경력무관 | 학력무관 | 경기도 안산시 상록구
재가 요양보호사 구인.,"시급 | 11,000원 ~ 11,000원",시간 | (장기),09:00 ~ 12:00,담당업무 :  * 4등급 할머니 케어 * 주5일근무(09~12시) * 청소등 가사지원,신입 | 학력무관 | 인천광역시 미추홀구 경인로252번안길
[연산4동] 재가요양보호사 모집,"시급 | 10,850원 이상",시간 | (장기),09:30 ~ 12:30,"담당업무 :  ☆ 연산4동 재가요양보호사 모집 - 4등급 (남자어르신, 86세, 독거) - 주 3일근무 09:30~12:30 / 시급 10,850원 - 가사지원, ...",경력무관 | 학력무관 | 부산광역시 연제구 중앙대로1134번길
[ 호평동 ] 재가요양보호사 구인,"시급 | 10,850원 ~ 12,800원",시간 | (장기),,"담당업무 :  - 수급자정보 : 5등급 할머니케어, 치매교육이수자 *실제 서비스 제공기간에 따라 임금을 계산하여 지급하는 형태로 채용시 근로자마...",경력 | 학력무관 | 경기도 남양주시 늘을1로
교회 청소하실 분을 모집,월급 | 135만원 ~ 140만원,시간 | (장기),,"담당업무 :  모집내용 교회 건물 청소 근무시간 근무 시간은 협의 가능 월 , 수 , 목 , 금 ( 일 4 시간 ) 화 ( 휴무 ) 토 ( 일 4~5 시간 ) 일 ...",경력무관 | 학력무관 | 인천광역시 남동구 포구로
조리사채용,"시급 | 8,590원 이상",정규 | 주5일,08:00 ~ 17:00,"담당업무 :  *조리사 구인 -오전 8시~오후 5시 -국공립어린이집 보육지침에 따름 -조리사자격증,보건증필수 이메일지원:이메일-matrixs1@hanmail...",경력무관 | 학력무관 | 인천광역시 미추홀구 송림로
[인창동] 아파트 미화원 모집,월급 | 147만원 이상,비정규 | 주6일,08:30 ~ 15:30,"담당업무 :  구리인창 어반포레 아파트 미화원 -복지카드 소지자 우대 -주6일 월~금 08:30~15:30, 토요일 08:30~11:30 -월1,478,000원 ◈...",경력무관 | 학력무관 | 경기도 구리시 건원대로33번길
[덕풍동 휴먼시아 꽃뫼마을] 4등급 할아버님 오후 재가요양보호사 모집,"시급 | 10,850원 ~ 10,850원",시간 | (장기),14:00 ~ 17:00,담당업무 :  - 덕풍동 휴먼시아 꽃뫼마을 거주하시는 4등급 할아버님 - 주5일/ 월~금 - 근무시간 14:00~17:00 - 채용담당자 010-7674-3161 ...,경력무관 | 학력무관 | 경기도 하남시 덕풍북로
[성당동] 요양보호사,"시급 | 10,850원 ~ 10,850원",시간 | (장기),13:30 ~ 16:30,담당업무 :  -대상자 : 4등급 할머니 -근무지 : 달서구 성당동 -근무시간 :오후13:30~16:30 (주5일) *문의 :053)285-1355,경력1년 | 중졸 | ~ 대졸(4년) 대구광역시
[대치동] 아파트 미화원 구인(복지카드우대),월급 | 110만원 이상,비정규 | 주6일,,"담당업무 :  [대치삼성아파트, 미화원] - 아파트 미화(신주있지만 닦지 않음 / 1동 24층 복도청소) - 월 1,063,780원 + 기타 수당 4만원 - 월~금...",경력무관 | 학력무관 | 서울특별시 강남구 도곡로78길
(송도동) 재가요양보호사 모집,"시급 | 10,900원 ~ 10,900원",시간 | (장기),,담당업무 :  - 3등급 할머니 - 07:30~10:30 /주6일 - 16:00~19:00 (3시간 개인부담) /주6일 - 기타 사항은 채용담당자께 문의하시기 바랍...,경력1년 | 학력무관 | 인천광역시 연수구 해돋이로6번길
시설요양보호사 모집,월급 | 191만원 ~ 191만원,정규 | 주5일,,"담당업무 :  요양원 입소자 케어 요양보호사 모집 ▶ 근무시간 : 2교대 근무(주주야야비비) ▶ 급여 : 1,915,872 ▶ 경력 무관, 1식 제공",경력무관 | 학력무관 | 경기도 수원시 장안구
요양보호사 구인,"시급 | 10,850원 ~ 10,850원",시간 | (장기),11:00 ~ 14:00,"담당업무 :  - 부평동 4등급 할아버지 - 11:00~14:00 주5일 근무 - 시급 10,850",신입 | 학력무관 | 인천광역시 부평구 신트리로
[연지동] 재가요양보호사 모집,"시급 | 10,900원 이상",시간 | (장기),13:00 ~ 17:00,"담당업무 :  -대상자: 2등급 80대 할머니 -근무지: 연지자이2차 -내용: 13~17시(월~토, 주6일) -시급:10,900원 -근무내용 : 일상지원 등(기저귀...",경력무관 | 학력무관 | 부산광역시 부산진구 초연로
제주 스마일센터 조리원 모집,월급 | 106만원 ~ 106만원,시간 | (장기),,담당업무 :  -구내식당 조리업무 -식자재 구입 및 뒷정리 등 업무 전반 (*식수 8~10명내외 중식만 제공함),경력1년 | 학력무관 | 제주특별자치도 제주시 동광로1길
군포지샘병원 급식실 조리원 모집,월급 | 180만원 이상,비정규 | 주5일,,"담당업무 :  - 군포지샘병원 급식실 조리원 모집 - 보건증 소지자 - 중식제공 - 급여 180만원이상 (면접시 협의 가능함) 시간외수당 별도지급, 새...",경력무관 | 학력무관 | 경기도 군포시 군포로
[후암동/4등급] 재가요양보호사 구함,"시급 | 11,000원 ~ 11,000원",시간 | (장기),,"담당업무 :  [후암동, 재가요양보호사] - 4등급 여자어르신 지원 - 용산 후암시장 1분거리 - 식사준비 및 주변정리 - 주5일 근무 / 월~금 /9-12시 ...",경력무관 | 학력무관 | 서울특별시 용산구 후암로35길
미화원 채용,월급 | 140만원 ~ 145만원,비정규 | 주6일,,담당업무 :  -아파트 청소(계단 신주있음),경력무관 | 학력무관 | 경상북도 포항시 북구
아파트 청소원 모집,월급 | 138만원 이상,비정규 | 주6일,,담당업무 :  [부산 사상구청 채용대행] - 진주 충무공동 부영아파트 미화 업무 * 아파트로 바로 찾아 가시면 안되고 꼭 담당자와 통화 후 면접시간...,경력무관 | 학력무관 | 경상남도 진주시 영천강로
재가요양보호사 (대명동) 모집 * 치매이수자,"시급 | 10,850원 ~ 10,850원",시간 | (장기),09:00 ~ 12:00,담당업무 :  재가요양보호사 - 근무지 : 영남이공대정문 맞은편 인근 - 대상자 : 5등급 할머니 *치매이수자 - 시 간 : 오전 09:00~12:00/ 주5일 -...,경력무관 | 학력무관 | 대구광역시 남구 현충로
재가 요양보호사,"시급 | 11,000원 ~ 11,000원",시간 | (장기),09:00 ~ 12:00,"담당업무 :  *대상자:3등급 여자어르신(독거) *근무지:미추홀구 구월로8번길 49 *근무시간:오전9시~오후12시(주6일) *급여:시급11,000원 -병원동행...",경력무관 | 학력무관 | 인천광역시 미추홀구 구월로8번길
재가요양보호사 모집합니다(지산5단지),"시급 | 10,900원 ~ 10,900원",시간 | (장기),09:00 ~ 12:00,"담당업무 :  [재가요양보호사 모집] 1. 5등급 여자어르신(지산5단지) ,치매교육이수자만 지원가능 2.오전9시~12시/주5일",경력무관 | 학력무관 | 대구광역시 수성구 용학로
치매 재가요양보호사 모집,"시급 | 14,000원 ~ 14,000원",시간 | (장기),10:30 ~ 13:30,"담당업무 :  * 연수시영1차 - 5등급 할머님 - 10:30-13:30 (주 5일) - 시급 14,000원 * 치매교육 이수자 지원 요망",경력무관 | 학력무관 | 인천광역시 연수구 원인재로
청송마을 중흥에스클래스 아파트 미화원 모집,월급 | 129만원 ~ 129만원,비정규 | 주6일,,"담당업무 :  아파트 내부청소업무 근무시간 : 오전9:00-15:30/토요일 9:00-12:00(격주근무) 급 여 : 1,291,270원 점 심: 쌀제공됨/반찬만 ...",경력 | 학력무관 | 경기도 김포시 김포한강2로
재가요양보호사 구인,"시급 | 10,800원 ~ 10,800원",시간 | (장기),13:00 ~ 16:00,"담당업무 :  - 산본 곡란중 인근 4등급 할머님 케어(가사 및 이동도움서비스) - 주5일 13:00~16:00 (주당 15시간) - 시급 10,800원",경력무관 | 학력무관 | 경기도 군포시 곡란로
경비실에서 수출 컨테이너 차량 계량 업무하실 분을 모집합니다.,월급 | 180만원 ~ 180만원,비정규 | 격일,07:30 ~ 07:30,"담당업무 :  당사경비실에서 차량 계량업무을 컴퓨터에 입력하여 계량전표 출력하는 업무로 컴퓨터기능과 문자(한글, 영문)입력에 어느정도 능숙하...",경력무관 | 고졸 | 인천광역시 연수구 아암대로
더 예스 클라우드 오피스텔 경비원 급구_인천시 중구 영종도 운서역,월급 | 180만원 ~ 180만원,비정규 | 격일,08:00 ~ 08:00,담당업무 :  < 더예스클라우드 오피스텔 당직 경비원 급구> 1. 건물명 -. 더예스클라우드 오피스텔 2. 주소 -. 인천시 중구 햇내로 28번길 ...,경력무관 | 학력무관 | 인천광역시 중구 햇내로28번길
[치매]재가요양보호사 모집,"시급 | 10,850원 이상",정규 | 주5일,09:00 ~ 12:00,"담당업무 :  *****치매전문교육이수자만 지원바랍니다.***** (구서동 신동아아파트 거주) 5등급 치매 할머니 -가사지원, 식사준비, 인지활동프로그...",경력무관 | 학력무관 | 부산광역시 금정구 중앙대로1929번길
공장 구내식당.매점 관리인 및 임차관리인모집,월급 | 250만원 ~ 250만원,정규 | 주5일,08:30 ~ 17:30,담당업무 :  회사소유 가든식(별도빌딩) 구내식당.매점입니다 현재운영중입니다 임차운영하셔도 무방합니다 현재 이용사원수 약100명정도입니다.,경력무관 | 학력무관 | 충청남도 당진시 순성면
(대명동)재가요양 보호사 모집,"시급 | 10,320원 ~ 10,320원",시간 | (장기),09:00 ~ 12:00,"담당업무 :  - 근무예정지 : 문성병원 인근 - 4등급 할머니 - 주5일(월~금) , 9~12시 - 시급 : 10,320원 - 문의처 010-3130-4372",경력무관 | 학력무관 | 대구광역시 남구 성명공원길
[신림동] 3등급 할머니 입주요양보호사 모집,월급 | 300만원 ~ 300만원,정규 | 주6일,,"담당업무 :  [신림동] 3등급 할머니 입주요양보호사 : 입주, 개인요양 및 일상생활지원 등 -근무시간 : 주 6일 근무( 입주) -급여 : 300만원 * 접...",경력무관 | 학력무관 | 서울특별시 관악구 난곡로
경비원 모집,월급 | 116만원 ~ 116만원,비정규 | 격일,18:30 ~ 05:00,담당업무 :  - 건물 야간 경비원 - 근무 시간 : 18시 30분~ 05시 ( 야간 시간 휴식),경력무관 | 학력무관 | 인천광역시 남동구 청능대로595번길
재가요양보호사 모집,"시급 | 12,000원 ~ 12,000원",시간 | (장기),13:00 ~ 15:00,"담당업무 :  - 4등급,남자어르신(78세, 독거) - 오후1~3시, 주5일 - 시급 : 12,000원 - 가사 및 일상생활지원 등",경력 | 학력무관 | 인천광역시 남동구 담방로
[서현동] 효자촌미래타운아파트경비원 구인,월급 | 189만원 이상,비정규 | 격일,,"담당업무 :  -서현동 효자촌미래타운아파트경비원 구인(자치) -급여:월189만원 -시간: 격일제 (3근무일마다 야간근무 /주간 07:00~21:00 ,야간 21:...",경력무관 | 학력무관 | 경기도 성남시 분당구
[미화원] 동국생명과학(주) 미화원 모집,월급 | 105만원 ~ 105만원,비정규 | 주5일,08:00 ~ 12:00,"담당업무 :  ▣ 동국생명과학(주) 미화 업무. ▣ 근무: 주5일 08시 ~ 12시 ▣ 급여: 105만원 ▣ 3대보험가입 (고용, 산재, 건강) ▣ 자차소유자우...",경력무관 | 학력무관 | 경기도 안성시 미양면
재가 요양보호사 구인,"시급 | 10,900원 이상",시간 | (장기),13:30 ~ 16:00,"담당업무 :  - 직무내용 : 숭의동 4등급 여자어르신(가시지원, 말벗) - 근무시간 : (주5일) 13:30-16:00 - 시급 : 10,900원",신입 | 학력무관 | 인천광역시 미추홀구 미추로46번길
대치동 아파트 경비원,월급 | 200만원 이상,비정규 | 격일,06:00 ~ 06:00,"담당업무 :  - 신체 및 정신건강한 경증장애인, 국가 유공자우대 - 신체 및 정신건강한 일반경비 대원 - 신임경비교육 이수하신분 - 경증 장애 복...",경력무관 | 학력무관 | 서울특별시 강남구 도곡로78길
재가요양보호사 모집,"시급 | 10,800원 이상",시간 | (단기),10:00 ~ 13:00,담당업무 :  - 11단지 모란아파트 4등급 할머니 재가요양보호사 구인(부부같이 거주) - 근무시간: 10시~13시(주5일),경력무관 | 학력무관 | 경기도 군포시 고산로643번길
[우동] 해월프라자 미화원,월급 | 60만원 ~ 60만원,비정규 | 격일,,"담당업무 :  해월프라자 ■모집직종 : 미화원 ■업무내용 : 건물미화업무 ■근 무 지 : 해운대구 구남로22 ■급 여 : 월급 600,000만원 ■근무시간...",경력무관 | 학력무관 | 부산광역시 해운대구 구남로
재가요양보호사 모집[중부새일센터 채용대행],"시급 | 10,850원 ~ 10,850원",시간 | (장기),09:00 ~ 12:00,"담당업무 :  - 4등급 80대 할머니(독거/척과 거주/자차 소유자 희망) - 9시~12시(주3일/월수금) - 시급 10,850원(주휴포함) - 문의: 052)25...",경력무관 | 학력무관 | 울산광역시 울주군 범서읍
재가요양보호사 구인,"시급 | 10,800원 ~ 10,800원",시간 | (장기),12:00 ~ 15:00,"담당업무 :  *4등급 할아버지케어/일상생활지원(점심식사 및 반찬준비) *정오12시~오후3시 *시급10,800원",경력무관 | 학력무관 | 경기도 군포시 오금로
재가요양보호사,"시급 | 11,000원 ~ 11,000원",정규 | 주6일,09:00 ~ 18:00,"담당업무 :  -. 노부부(3등급 남자어르신, 4등급 여자어르신) 오후 3시까지 케어 후 이웃집 4등급 독거어르신 케어 -. 요양보호사 기본업무 -. 임...",경력무관 | 학력무관 | 서울특별시 강남구 개포로
미화 직원 채용,월급 | 147만원 이상,비정규 | 주6일,09:00 ~ 16:00,"담당업무 :  ▶ 직무 : 안산 고잔동 하이마트 미화 직원 , 사무실, 화장실, 계단, 쓰레기통정리등 ▶근무시간 : 월~토 09:00~16:00(휴게시간 1시간...",경력무관 | 학력무관 | 경기도 안산시 단원구
(포일동)재가요양보호사 구인,"시급 | 10,800원 ~ 10,800원",시간 | (장기),09:00 ~ 12:00,담당업무 :  - 4등급 여자어르신 - 주 2일 09:00~12:00,경력무관 | 학력무관 | 경기도 의왕시 이미로
재가요양보호사님을 모집합니다.,"시급 | 10,500원 ~ 10,500원",비정규 | 주5일,11:30 ~ 14:30,담당업무 :  4등급 할아버지,경력무관 | 학력무관 | 경기도 안양시 만안구
[덕양구 도내동]5등급 여자어르신 / 시급13000,"시급 | 13,000원 ~ 13,000원",시간 | (장기),,담당업무 :  어르신 두분 거주중이며 어르신도 좋으시고 근무환경도 좋습니다. <담당업무> -실내 간단한 운동 -인지활동프로그램 -반찬 만들...,경력 | 학력무관 | 경기도 고양시 덕양구
[미사강변 18단지] 아파트 경비원 모집,월급 | 235만원 ~ 235만원,비정규 | 격일,06:30 ~ 06:30,"담당업무 :  [미사강변 18단지] 아파트 경비원 모집 - 신임경비교육이수자 - 경증 장애 복지카드소지자 우대 - 격일근무 - 급여 2,350,000원 (별도...",경력무관 | 학력무관 | 경기도 하남시 미사강변서로
[재송동] 재가요양보호사 모집,"시급 | 10,850원 이상",시간 | (장기),09:00 ~ 13:00,"담당업무 :  * 재송초등학교 인근 주택 * 2등급 할아버지(독거) * 일상생활지원 등 * 오전 9시~13시 , * 오후도 가능하신 분 희망 * 채용담당자: 0...",경력무관 | 학력무관 | 부산광역시 해운대구 재반로64번길
재가요양보호사,"시급 | 10,800원 ~ 10,800원",시간 | (장기),,"담당업무 :  4급 할아버지 주3회(수금) 10:00~13:00 화,목 (병원동행)10:30~12:00,15:30~17:00",경력무관 | 학력무관 | 경기도 부천시 부흥로
(북구 학정로) 시설요양보호사 채용,월급 | 187만원 이상,정규 | 주5일,,담당업무 :  * 시설요양보호사 채용 - 근무지 : 북구 학정로 42길 22-21 - 근무조건 : 주주야야휴휴 - 급여 : 월급 187만원 * 문의 : 053-66...,경력 | 학력무관 | 대구광역시 북구 학정로42길
치매5등급 요양보호사 구인,"시급 | 13,300원 이상",시간 | (장기),14:30 ~ 17:30,"담당업무 :  - 5등급 여 어르신 / 독거 / 일상생활지원 등 - 근무시간: 주5일 오후 2시30분~5시30분 (시간조절가능) - 시급: 13,300원 - 연락처...",경력무관 | 학력무관 | 경기도 의정부시 본원로
[달서구 용산우방타운-3급할머니]재가요양보호사모집,"시급 | 11,000원 이상",시간 | (장기),09:00 ~ 12:00,"담당업무 :  - 위치 :용산우방타운 - 3등급 할머니 - 요일 : 주6일 -시간 :오전9시~12시 -시급 : 11,000원 *문의: 053-766-0312(수성새...",경력무관 | 학력무관 | 대구광역시 달서구 용산로
하역 및 적재 단순 종사원 모집,"시급 | 8,590원 이상",비정규 | 주6일,07:30 ~ 16:30,담당업무 :  항만 컨베이어 벨트에 떨어지는 석탄 퍼올리는작업,경력무관 | 학력무관 | 인천광역시 중구 축항대로118번길
재가요양보호사,"시급 | 11,000원 ~ 11,000원",시간 | (장기),10:30 ~ 14:30,"담당업무 :  * 2등급 할머니 - 오전10시30분~14시30분(4시간- 시간조정가능) 주6일-토요일격주 - 시급: 11,000원",경력무관 | 학력무관 | 인천광역시 미추홀구 매소홀로535번길
재가요양보호사 모집(기장읍 늘채움),"시급 | 8,590원 ~ 8,590원",시간 | (장기),13:00 ~ 16:00,"담당업무 :  * 2등급 70대중반 할머니, 가족가 거주, 기저귀 착용 * 방문요양(일상생활지원, 신체활동지원, 정서지원 등) * 주5일13:00~16:00 * 기...",경력무관 | 학력무관 | 부산광역시 기장군 기장읍
구래동 상가 미화원모집,월급 | 178만원 이상,비정규 | 주5일,08:00 ~ 16:00,담당업무 :  구래동 상가 미화원모집 근무시간 08:00~16:00 급여 178만원,경력1년 | 초졸이하 | 경기도 김포시 김포한강4로
재가요양보호사 모집,"시급 | 11,000원 ~ 11,000원",시간 | (장기),14:00 ~ 18:00,"담당업무 :  * 대상자: 비등급 남자어르신 * 식사지원, 일상생활지원, 화장실 이동 도움 ※ 실제 서비스 제공기간에 따라 임금을 계산하여 지급하...",경력무관 | 학력무관 | 경기도 수원시 장안구
호성 주공아파트 아파트 경비원 모집,월급 | 212만원 ~ 212만원,비정규 | 격일,,"담당업무 :  호성 주공아파트 경비업무 - 아파트관리, 경비업무 - 근무시간 : 06:30~06:30 (격일 근무) / 초소마다 교대시간이 조금씩 상이함(07시...",경력무관 | 학력무관 | 전라북도 전주시 덕진구
서판교 스타타워빌딩 미화원 모집,월급 | 164만원 이상,비정규 | 주6일,08:00 ~ 16:00,담당업무 :  * 서판교 스타타워빌딩 미화원 모집 - 3개월 수습기간 거치고 계속 일할수 있음. - 건물 내외 미화업무 - 10층짜리 상가건물이고 규모...,경력무관 | 학력무관 | 경기도 성남시 분당구
작전역 부근 아파트 경비원  채용,월급 | 189만원 이상,비정규 | 격일,06:00 ~ 18:00,"담당업무 :  - 경증 장애복지카드 소지자 우대 -경비원 신임교육 이수 필수 - 경비보안( 격일근무, 189만원 ) - 문의 ( 010 -2210-2520)",경력무관 | 학력무관 | 인천광역시 계양구 봉오대로744번길
[신암동] 재가요양보호사 모집,"시급 | 10,810원 ~ 10,810원",시간 | (장기),09:00 ~ 12:00,담당업무 :  -대상자:3등급 할머니 -근무시간:09:00~12:00(주6일) -주업무:어르신 케어및 일상생활 가사지원 -근무지 : 신암5동 팔공복지관 인근 -...,경력무관 | 학력무관 | 대구광역시 동구 동북로
요양보호사 선생님 구합니다(진구 삼광사),"시급 | 8,590원 이상",시간 | (장기),09:00 ~ 12:00,담당업무 :  삼광사 아래 다세대에 살고 계시는 4등급 여자어르신 / 요양사 선생님 모십니다 주5회 서비스로 가사 지원 서비스와 병원 동행을 중점...,경력무관 | 학력무관 | 부산광역시 부산진구 초읍천로61번길
시설요양원 요양보호사 구인(주주야야휴휴),월급 | 206만원 이상,정규 | 주5일,,"담당업무 :  *요양보호사 자격증 필수 * 노인요양원 내 각종 어르신 수발 업무 *식사도움,이동도움,기저귀케어 등 --주주야야휴휴(4일근무,2일휴무...",경력무관 | 학력무관 | 서울특별시 종로구 홍지문길
요양보호사 선생님 구합니다(금곡동),"시급 | 8,590원 이상",시간 | (장기),13:00 ~ 16:00,담당업무 :  금곡주공2단지 4등급 남자 어르신입니다. 돌봐 주시는 분이 계시며 오후 시간으로 신체활동 서비스와 정서지원 서비스 위주로 케어 진...,신입 | 학력무관 | 부산광역시 북구 금곡대로616번길
재가요양보호사 구인,"시급 | 10,800원 ~ 10,800원",시간 | (장기),09:30 ~ 12:30,"담당업무 :  - 4등급 할머니 일상생활지원(식사준비,가사,병원동행) - 09:30~12:30 -시급:10,800원/교통비(50,000원) 지급 *실제 서비스 제공...",경력무관 | 학력무관 | 경기도 이천시 백사면
미화원구인,월급 | 123만원 ~ 123만원,시간 | (장기),,담당업무 :  -평일09:00~15:30/토09:00~12:00 -아파트 공용부 청소,경력1년 | 학력무관 | 인천광역시 부평구 경인로1118번길
"[2020 여성취업박람회 ""꿈드림"" 참여업체] 요양보호사 구인",월급 | 190만원 ~ 210만원,정규 | 주5일,,"담당업무 :  <2020 여성취업박람회 ""꿈드림"" 참여업체> : 요양보호사 구인, 자격증 필수 ▣ 현장면접 진행되므로 이력서 지참하...",경력무관 | 학력무관 | 경기도 용인시 처인구
[강남구 수서동/3등급 어르신/오전] 요양보호사 모집,"시급 | 10,900원 ~ 10,900원",시간 | (단기),,담당업무 :  - 모집직종 : [강남구 수서동/3등급 어르신/오전] 요양보호사 모집 - 직무내용 : 3등급 할아버님 방문요양 - 학력 및 경력사항 : 무관...,경력무관 | 학력무관 | 서울특별시 강남구 광평로51길
강북구 번동 입주요양보호사 구인,월급 | 290만원 이상,정규 | 주6일,,"담당업무 :  서울시 강북구 번동 3등급 남자어르신 부부거주, 부축하면 거동 가능, 병원동행 급여: 290만원",경력 | 학력무관 | 서울특별시 강북구 한천로105길
[상도동] 시설 요양보호사 구합니다(운전가능자 여) (* 접수마감 : 11월 30일 월요일),월급 | 91만원 ~ 91만원,비정규 | 주5일,,"담당업무 :  2종 보통 소지한 운전가능한 여 요양보호사 : 요양보호사 업무, 송영업무 및 센터내 업무 - 근무시간 : 주 5일 근무 (16:30~21:00) - ...",경력무관 | 학력무관 | 서울특별시 동작구 상도로68길
주간보호센터 요양보호사 모집합니다.,월급 | 180만원 ~ 200만원,정규 | 주5일,08:30 ~ 17:30,"담당업무 :  * 주간보호센터 요양보호사 모집합니다. ㅇ 업무내용 - 요양보호사 자격증 및 치매교육이수자 필수 - 어르신 케어, 프로그램 운영 및 ...",경력무관 | 학력무관 | 경상북도 영천시 성내1길
가경자이 아파트 청소원 모집,월급 | 145만원 ~ 157만원,시간 | (장기),,"담당업무 :  ▶ 아파트 청소 ▶ 근무시간 : (월~금)09:00~16:00, 점심 1.5시간 / (토)09:00~12:00 ▶ 급여: 1,477,800원~1,577,800 ▷ 전화 문의 ...",경력무관 | 학력무관 | 충청북도 청주시 흥덕구
[두류동 이월드인근]재가요양보호사 구인,"시급 | 11,000원 이상",시간 | (장기),08:30 ~ 11:30,담당업무 :  재가요양보호사 구인 - 대상자 :2등급 할머니 - 근무시간 : 08:30~11:30(월~금) - 근무장소 : 이원드 인근 - 급여조건 : 시급 11....,경력무관 | 학력무관 | 대구광역시 달서구 두류공원로
"오피스텔 건물 청소(외곽,내부)",월급 | 165만원 이상,비정규 | 주6일,,담당업무 :  오피스텔 건물 미화업무,경력무관 | 학력무관 | 경기도 용인시 수지구
재가요양보호사 모집,"시급 | 10,800원 이상",정규 | 주5일,09:00 ~ 12:00,담당업무 :  3등급 할머니 오전재가,경력무관 | 고졸 | ~ 대졸(2~3년) 인천광역시
재가요양보호사 모집(남양주시 와부읍),"시급 | 10,850원 ~ 10,850원",시간 | (장기),09:00 ~ 12:00,"담당업무 :  <구인내용> - 업무: 4등급 남자어르신 - 급여: 시급 10,850원 - 근무시간: 09:00~12:00(주5일) 서남길 센터장 010-4...",신입 | 학력무관 | 경기도 남양주시 와부읍
아파트  청소원 채용[힐스테이트 세종리버파크],월급 | 145만원 ~ 145만원,비정규 | 주6일,,"담당업무 :  * 힐스테이트 세종리버파크 아파트 미화 * 평일 09:00 ~ 16:30, 토요일 09:00 ~ 12:00 / 휴게시간 1.5시간 * 월급 1,456,0...",경력무관 | 학력무관 | 세종특별자치시 소담8로 6
(주)사랑과선행 영양사 직원모집,월급 | 200만원 ~ 250만원,정규 | 주5일,09:00 ~ 18:00,"담당업무 :  영양사 업무 및 지사및 위탁업장 관리 업무 메뉴작성 및 위생관리, 위탁업장 근무 지원",경력무관 | 대졸(2~3년) | ~ 대졸(4년) 경기도
재가요양보호사 모집,"시급 | 10,310원 ~ 10,310원",시간 | (단기),10:00 ~ 13:00,"담당업무 :  * 4등급 할아버지(기저귀착용) * 범어거주(서남초등근처) * 10시-13시(주5일) * 전화지원 : 055-381-3037, 010-3977-8322 ...",경력무관 | 학력무관 | 경상남도 양산시 물금읍
미화원 모집,"연봉 | 2,200만원 ~ 2,200만원",비정규 | 주5일,,"담당업무 :  - 지에스홈쇼핑 군포물류센터 미화원 모집 (사무실, 화장실, 계단, 기타) - 연봉 2,200만원 - 주5일근무 (격주 일요일 근무 있음, 토...",경력1년 | 고졸 | ~ 대졸(4년) 경기도
안성마에스트로컨트리클럽(미화/세탁) 직원채용합니다,"연봉 | 2,500만원 ~ 2,700만원",정규 | 주5일,08:00 ~ 17:00,담당업무 :  1. 세탁업무 - 대형 업소용 세탁기 2대 및 건조기 2대 운영 가능자 - 남자락카 및 여자락카 사용후 수건 및 샤워타월 세탁업무 - 세탁...,경력1년 | 학력무관 | 경기도 안성시 양성면
(감정동) 요양보호사 구인,"시급 | 10,800원 이상",시간 | (장기),09:00 ~ 12:00,담당업무 :  * 4등급 할머니 * 근무시간 09:00~12:00 * 주 3일(월수금) # 실제 서비스제공기간에 따라 임금을 계산하여 지급하는 형태로 채용시 근...,경력무관 | 학력무관 | 경기도 김포시 중봉로58번길
미화원 구함,월급 | 119만원 이상,비정규 | 주5일,09:00 ~ 15:00,담당업무 :  - 관교동 신비마을아파트 내부미화 - 근 무 : 09:00 - 15:00 / 주5일 - 점심시간 : 12:00 - 13:00,경력무관 | 학력무관 | 인천광역시 미추홀구 경원대로
[풍덕천동] 아파트 내부 청소원 모집,월급 | 145만원 ~ 145만원,시간 | (단기),,"담당업무 :  ▶ 아파트 내부 청소 업무. ▶ 근무시간 : (월~금)09:00~16:00, 점심 1.5시간 / (토)09:00~12:00 ▶ 급여: 1,456,000원 ▷ 전화 문의...",경력무관 | 학력무관 | 경기도 용인시 수지구
더 캐슬요양원 영양사를 모십니다.,월급 | 200만원 ~ 230만원,비정규 | 주5일,09:00 ~ 18:00,담당업무 :  영양사 자격증 소지자로 요양원에서 다양한 식단 작성과 조리원을 관리한 경험이 있으면 좋습니다.,경력1년 | 학력무관 | 경기도 남양주시 진접읍
동대문 종합시장 미화반장 구인,월급 | 187만원 이상,비정규 | 주6일,06:00 ~ 16:30,"담당업무 :  - 동대문 종합시장 미화(관리자급/호텔리조트경력, 청소장비 사용가능자) - 6:00~16:30 월~토 (휴게 4시간) - 2식제공, 국공휴일 수당...",경력무관 | 학력무관 | 서울특별시 종로구 종로
[감일지구] 3등급 할머님 재가요양보호사 구인,"시급 | 11,000원 ~ 11,000원",시간 | (장기),10:00 ~ 13:00,"담당업무 :  - 3등급 할머님 케어(산책위주) - 주 5일 10:00~13:00 - 시급 11,000원 *채용담당자 유선통화후 면접 진행 010-8363-8233",경력무관 | 학력무관 | 경기도 하남시 감일로
아중리 부영2차아파트 청소원 구인,월급 | 134만원 ~ 134만원,비정규 | 주6일,,담당업무 :  ★ 아중리 부영2차아파트 청소원 1명 구인★ 근무시간: 평일 오전 9:00 ~오후 16:00 / 휴게시간: 오전12:00~13:30 토요일 오전 9:...,경력무관 | 학력무관 | 전라북도 전주시 덕진구
시내버스 청소 및 소독업무자 구함,월급 | 190만원 ~ 190만원,비정규 | 주6일,,담당업무 :  - 시내버스 주차장 및 버스 내부청소 소독업무,경력 | 학력무관 | 경기도 평택시 이화로
"[오산, 양산동] 늘푸른오스카빌/오후 재가요양보호사 모집안내","시급 | 11,000원 ~ 11,000원",시간 | (장기),09:00 ~ 12:00,"담당업무 :  * 재가 요양보호사 모집안내 - 보호대상: 4등급 80대 남성 - 직무내용: 식사도움 등 신체활동 지원, 일상생활 지원 - 근무시간: 09:00...",경력무관 | 학력무관 | 경기도 오산시 양산로398번길
재가 요양보호사 구인,"시급 | 10,800원 이상",시간 | (장기),12:00 ~ 15:00,"담당업무 :  - 4등급 할머니 케어 - 주3회(월,수,금)/정오12시~오후3시 - 일상생활지원 * 지원문의:031-465-6365",경력무관 | 학력무관 | 경기도 안양시 만안구
체육관 청소원 모집,"시급 | 8,590원 ~ 8,590원",정규 | 주5일,09:00 ~ 18:00,"담당업무 :  - 삼산체육관, 남동체육관, 부천실내체육관 등 대관청소(부천, 인천 체육관) - 근무시간은 행사일정에 따라 달라질 수 있음 - 근무지...",경력무관 | 학력무관 | 경기도 부천시 성곡로
재가요양보호사 선생님 모십니다.,"시급 | 10,850원 ~ 10,850원",시간 | (장기),15:30 ~ 18:00,"담당업무 :  -4등급80세초반 어르신 - 식사준비, 간단청소",경력1년 | 학력무관 | 부산광역시 남구 양지골로169번길
