재가요양보호사 구인,"시급 | 10,800원 ~ 10,800원",시간 | (장기),13:00 ~ 16:00,"담당업무 :  - 4등급 아주머니 재가요양 - 일상적 가사 및 청소 - 13:00~16:00(주6일근무) - 시급10,800원 초보자 우대",경력무관 | 학력무관 | 인천광역시 미추홀구 주안로50번길,https://www.work.go.kr/empInfo/empInfoSrch/detail/empDetailAuthView.do?searchInfoType=VALIDATION&callPage=detail&wantedAuthNo=KJDE002011260014&rtnTarget=list1
요양보호사 선생님 구합니다(금곡동),"시급 | 8,590원 이상",시간 | (장기),14:00 ~ 17:00,담당업무 :  금곡주공1단지 4등급 여자 어르신입니다. 같이 살고 있는 아드님이 있으며 가사지원 서비스를 중점적으로 제공합니다. *시급10900 (제...,신입 | 학력무관 | 부산광역시 북구 효열로,https://www.work.go.kr/empInfo/empInfoSrch/detail/empDetailAuthView.do?searchInfoType=VALIDATION&callPage=detail&wantedAuthNo=K130112011260051&rtnTarget=list2
요양보호사구인,"시급 | 10,800원 이상",시간 | (장기),10:00 ~ 13:00,담당업무 :  -4등급 -파킨슨 -일상생활지원(청소위주),경력무관 | 초졸이하 | ~ 대졸(4년) 경기도,https://www.work.go.kr/empInfo/empInfoSrch/detail/empDetailAuthView.do?searchInfoType=VALIDATION&callPage=detail&wantedAuthNo=KJKR002011260021&rtnTarget=list3
[월성동] 재가요양보호사 구인-치매교육이수자,"시급 | 10,850원 이상",시간 | (장기),09:00 ~ 11:30,"담당업무 :  재가요양보호사 모집 - 월성주공2단지 5등급 할머니 - 시간 : 오전9:00~11:30. 월23회 근무 - 시급 : 10,850원(치매수당 별도) -...",경력무관 | 학력무관 | 대구광역시 달서구 월성로,https://www.work.go.kr/empInfo/empInfoSrch/detail/empDetailAuthView.do?searchInfoType=VALIDATION&callPage=detail&wantedAuthNo=KE70192011260005&rtnTarget=list4
거모동 1등급 할머니 재가요양보호사 모집,"시급 | 11,000원 이상",시간 | (장기),10:00 ~ 13:00,담당업무 :  ▣ 거모동 1등급 할머니케어 ▣ 어르신케어 및 일상생활지원 ▣ 근무시간 : (월~금) 10시 ~ 13시 (요양 보호사 시간 사정에 따라 시간...,경력무관 | 학력무관 | 경기도 시흥시 군자로335번길,https://www.work.go.kr/empInfo/empInfoSrch/detail/empDetailAuthView.do?searchInfoType=VALIDATION&callPage=detail&wantedAuthNo=KJKO002011260013&rtnTarget=list5
재가요양보호사 모집(부산대역인근),"시급 | 8,590원 이상",정규 | 주6일,11:30 ~ 14:30,"담당업무 :  - 대상자: 4등급 여자어르신/부곡동 대우아파트 거주 - 직무내용: 정서지원,일상생활지원 등 - 근무형태:(주6일)/월~토/11시30분~2시3...",경력무관 | 학력무관 | 부산광역시 금정구 부산대학로,https://www.work.go.kr/empInfo/empInfoSrch/detail/empDetailAuthView.do?searchInfoType=VALIDATION&callPage=detail&wantedAuthNo=K130112011260043&rtnTarget=list6
[기장읍]재가요양보호사 모집,"시급 | 8,590원 이상",시간 | (장기),,"담당업무 :  - 대상 : 4등급 여자어르신(83세) - 시간 : 주6일근무 / 13:00~16:00 또는 14:00~17:00 - 시급 : 11,000원(수당포함) - 차량소지자 ...",경력무관 | 학력무관 | 부산광역시 기장군 기장읍,https://www.work.go.kr/empInfo/empInfoSrch/detail/empDetailAuthView.do?searchInfoType=VALIDATION&callPage=detail&wantedAuthNo=K130112011260041&rtnTarget=list7
재가 요양보호사,"시급 | 10,800원 이상",시간 | (장기),12:30 ~ 15:30,담당업무 :  4등급 할머니 오후재가,신입 | 학력무관 | 인천광역시 부평구 평천로,https://www.work.go.kr/empInfo/empInfoSrch/detail/empDetailAuthView.do?searchInfoType=VALIDATION&callPage=detail&wantedAuthNo=KJKL002011260007&rtnTarget=list8
동대문구 답십리 전농동 sk아파트에서 근무하실 요양보호사님 모집합니다,"시급 | 10,500원 ~ 10,850원",비정규 | 주5일,08:00 ~ 18:00,담당업무 :  하루 8시간에서 9시간 근무하실 요양보호사님 모집 방문요양 가사간병도움,경력무관 | 학력무관 | 서울특별시 동대문구 전농로10길,https://www.work.go.kr/empInfo/empInfoSrch/detail/empDetailAuthView.do?searchInfoType=VALIDATION&callPage=detail&wantedAuthNo=K120512011260026&rtnTarget=list9
재가요양보호사 모집,"시급 | 8,590원 ~ 10,810원",시간 | (장기),12:00 ~ 15:00,"담당업무 :  -5등급 여자어르신 (치매교육 이수 필) 월 21회 -12-15 -타센터 근무자는 희망하지 않음 ,(오전 오후 둘다 근무 안하시는 분) -2021.1...",경력 | 학력무관 | 인천광역시 부평구 청중로,https://www.work.go.kr/empInfo/empInfoSrch/detail/empDetailAuthView.do?searchInfoType=VALIDATION&callPage=detail&wantedAuthNo=KJKL002011260006&rtnTarget=list10
재가요양보호사 모집,"시급 | 8,590원 ~ 10,810원",시간 | (장기),08:30 ~ 11:30,"담당업무 :  -5등급 남자어르신 (치매교육 이수 필) 월 21회 -오전 08:30-11:30 -타센터 근무자는 희망하지 않음 ,(오전 오후 둘다 근무 안하시는 ...",경력무관 | 학력무관 | 경기도 부천시 부일로,https://www.work.go.kr/empInfo/empInfoSrch/detail/empDetailAuthView.do?searchInfoType=VALIDATION&callPage=detail&wantedAuthNo=KJKL002011260005&rtnTarget=list1
수성구 범물동 요양보호사 구인,"시급 | 10,800원 ~ 10,800원",시간 | (장기),,"담당업무 :  -수성구 우방미진타운 ,3등급 할머니 -주간 보호 다니고 계셔서 오후5시 이후로만 가능. - 오후17시~20시 (주2일) - 시급 10,800원 -...",경력 | 학력무관 | 대구광역시 수성구 지범로,https://www.work.go.kr/empInfo/empInfoSrch/detail/empDetailAuthView.do?searchInfoType=VALIDATION&callPage=detail&wantedAuthNo=K140162011260024&rtnTarget=list2
선부동 재가요양보호사 모집,"시급 | 11,000원 이상",시간 | (장기),09:00 ~ 12:00,"담당업무 :  ▣ 선부동 3등급 할머니케어 ▣ 어르신케어 및 일상생활지원 ▣ 근무시간 : (월~금) 9시 ~ 12시 (시간협의 가능) ▣ 급여 : 시급 11,0...",경력무관 | 학력무관 | 경기도 안산시 단원구,https://www.work.go.kr/empInfo/empInfoSrch/detail/empDetailAuthView.do?searchInfoType=VALIDATION&callPage=detail&wantedAuthNo=KJKP002011260010&rtnTarget=list3
[상인동] 재가요양보호사 구인,"시급 | 10,850원 이상",시간 | (장기),09:00 ~ 12:00,"담당업무 :  재가요양보호사 모집 - 상인동 보성은하아파트 - 4등급 할아버지(혼자계심) - 오전9시~12시. 월24회 근무 - 시급 : 10,850원 - 문의: ...",경력무관 | 학력무관 | 대구광역시 달서구 월곡로,https://www.work.go.kr/empInfo/empInfoSrch/detail/empDetailAuthView.do?searchInfoType=VALIDATION&callPage=detail&wantedAuthNo=KE70192011260004&rtnTarget=list4
재가 요양보호사,"시급 | 11,000원 이상",시간 | (장기),09:00 ~ 12:00,"담당업무 :  - 3등급 할머님 - 9-12 /월,수,금(주3일) / 요일조정가능 - 시급 11,000원",경력무관 | 학력무관 | 경기도 김포시 양촌읍,https://www.work.go.kr/empInfo/empInfoSrch/detail/empDetailAuthView.do?searchInfoType=VALIDATION&callPage=detail&wantedAuthNo=KJDI002011260007&rtnTarget=list5
[동삼동]재가요양보호사 채용,"시급 | 10,850원 이상",시간 | (장기),10:00 ~ 13:00,"담당업무 :  - 동삼동 4등급 할머니 - 주5회,일반요양업무(주택거주) - 오전 10:00~13:00(시간변경안됨) -시급 10850원(주휴수당,연차수당,처우개...",경력 | 학력무관 | 부산광역시 영도구 하리길,https://www.work.go.kr/empInfo/empInfoSrch/detail/empDetailAuthView.do?searchInfoType=VALIDATION&callPage=detail&wantedAuthNo=KF10912011260011&rtnTarget=list6
본오동 재가요양보호사 모집,"시급 | 11,000원 이상",시간 | (장기),09:00 ~ 12:00,"담당업무 :  ▣ 본오동 2등급 할머니케어 ▣ 어르신케어 및 일상생활지원 ▣ 근무시간 : (월~금) 9시 ~ 12시 (시간협의 가능) ▣ 급여 : 시급 11,0...",경력무관 | 학력무관 | 경기도 안산시 상록구,https://www.work.go.kr/empInfo/empInfoSrch/detail/empDetailAuthView.do?searchInfoType=VALIDATION&callPage=detail&wantedAuthNo=KJKP002011260009&rtnTarget=list7
(해운대구 우동) 재가요양보호사 모집,"시급 | 8,590원 이상",시간 | (장기),13:00 ~ 16:00,"담당업무 :  - 해운대구 아이파크 소재 - 3등급 남자어르신 / 배우자 계심 - 주5~6일근무 오후 3시간(13시~16시) - 시급 10,850원(수당포함임)",경력무관 | 학력무관 | 부산광역시 해운대구 마린시티2로,https://www.work.go.kr/empInfo/empInfoSrch/detail/empDetailAuthView.do?searchInfoType=VALIDATION&callPage=detail&wantedAuthNo=K130112011260034&rtnTarget=list8
주간보호센터 요양보호사 모집합니다,월급 | 180만원 이상,비정규 | 주5일,08:30 ~ 17:30,"담당업무 :  어르신이 증원함에 따라 더힘찬주간보호센터에 함께 할 요양보호사를 추가모집합니다 업무; 주간보호센터 요양보호사 업무, 송영업무 ...",경력무관 | 학력무관 | 부산광역시 사하구 낙동대로,https://www.work.go.kr/empInfo/empInfoSrch/detail/empDetailAuthView.do?searchInfoType=VALIDATION&callPage=detail&wantedAuthNo=K130052011260013&rtnTarget=list9
[사당2동] 4등급어르신 오후 요양보호사 모집,"시급 | 11,000원 ~ 11,000원",시간 | (장기),,"담당업무 :  - 4등급 할아버지 요양보호사 모집 - 독거어르신. 가사지원 및 일상생활지원서비스 - 주5일, 12:30~15:30 - 시급 11000원 * 접수방법...",경력무관 | 학력무관 | 서울특별시 동작구 동작대로29길,https://www.work.go.kr/empInfo/empInfoSrch/detail/empDetailAuthView.do?searchInfoType=VALIDATION&callPage=detail&wantedAuthNo=KJAM002011260004&rtnTarget=list10
송천동 GS 자이아파트  재가요양보호사 구인,"시급 | 10,000원 ~ 10,000원",시간 | (장기),,"담당업무 :  - 송천동 GS자이아파트 재가요양보호사 구인 - 할머니(4등급) - 돌봄, 식사준비, 청소, 운동, 말벗, 대소변 - 방문요양10:00~13:00(3...",경력무관 | 고졸 | ~ 대졸(4년) 전라북도,https://www.work.go.kr/empInfo/empInfoSrch/detail/empDetailAuthView.do?searchInfoType=VALIDATION&callPage=detail&wantedAuthNo=KF10432011260003&rtnTarget=list1
[사당동] 2등급 할머니 오후 요양보호사 모집 //12월10일까지 접수,"시급 | 12,000원 ~ 12,000원",시간 | (장기),,담당업무 :  - 2등급 할머니 요양보호사 모집 - 배우자와 거주. 가사지원 및 일상생활지원서비스. 신체활동지원. 거동어려움. - 주5일. 14:30~17:3...,경력무관 | 학력무관 | 서울특별시 동작구 사당로13길,https://www.work.go.kr/empInfo/empInfoSrch/detail/empDetailAuthView.do?searchInfoType=P&callPage=detail&wantedAuthNo=DdA3202011262066&rtnTarget=list2&pageIndex=3&rtnUrl=/empInfo/empInfoSrch/list/dtlEmpSrchList.do?len=0&moreCon=more&preferentialGbn=B&pageSize=10&firstIndex=1&lastIndex=1&recordCountPerPage=10&academicGbnoEdu=noEdu&siteClcd=all&benefitSrchAndOr=O&areaRegion=11000&areaArc=1&staAreaLineInfo1=11000&staAreaLineInfo2=1&codeDepth1Info=11000&codeDepth2Info=11000&listCookieInfo=DTL&srchJobNum=0&resultCntInfo=10&sortOrderByInfo=DESC&sortFieldInfo=DATE&sortField=DATE&sortOrderBy=DESC&resultCnt=10&occupation=04&enterPriseGbn=all&termSearchGbn=all&&onlyTitleSrchYn=N&cloTermSearchGbn=all
[봉천동] 3등급어르신 요양보호사 모집,"시급 | 10,700원 ~ 10,700원",시간 | (장기),,담당업무 :  - 3등급 할아버지 요양보호사 모집 - 독거어르신. 가사지원 및 일상생활지원서비스 - 주5일 10:30~13:30 또는 13:30~16:30 협의가능...,경력무관 | 학력무관 | 서울특별시 관악구 청림5길,https://www.work.go.kr/empInfo/empInfoSrch/detail/empDetailAuthView.do?searchInfoType=P&callPage=detail&wantedAuthNo=DdA3202011262060&rtnTarget=list3&pageIndex=3&rtnUrl=/empInfo/empInfoSrch/list/dtlEmpSrchList.do?len=0&moreCon=more&preferentialGbn=B&pageSize=10&firstIndex=1&lastIndex=1&recordCountPerPage=10&academicGbnoEdu=noEdu&siteClcd=all&benefitSrchAndOr=O&areaRegion=11000&areaArc=1&staAreaLineInfo1=11000&staAreaLineInfo2=1&codeDepth1Info=11000&codeDepth2Info=11000&listCookieInfo=DTL&srchJobNum=0&resultCntInfo=10&sortOrderByInfo=DESC&sortFieldInfo=DATE&sortField=DATE&sortOrderBy=DESC&resultCnt=10&occupation=04&enterPriseGbn=all&termSearchGbn=all&&onlyTitleSrchYn=N&cloTermSearchGbn=all
재가요양보호사 모집[창원여성새일센터 채용대행],"시급 | 10,800원 ~ 10,800원",시간 | (장기),13:00 ~ 16:00,"담당업무 :  북면 감계 주택가 거주 4등급 할머니 (눈이 조금 어두우심) 주5일 /(월~금) 오후1시~오후4시 식사도움, 가사지원,말벗 자차출퇴근 요...",경력무관 | 학력무관 | 경상남도 창원시 의창구,https://www.work.go.kr/empInfo/empInfoSrch/detail/empDetailAuthView.do?searchInfoType=VALIDATION&callPage=detail&wantedAuthNo=KF10802011260003&rtnTarget=list4
[창곡동] 5등급 할아버지 케어할 요양보호사 모집,"시급 | 13,000원 ~ 13,000원",시간 | (장기),15:00 ~ 18:00,"담당업무 :  [창곡동] 5등급 할아버지 케어할 요양보호사 모집 - 신체활동 및 가사활동, 정서지원 - 치매어르신을 충분히 배려하고 따뜻한 마음을 ...",경력무관 | 학력무관 | 경기도 성남시 수정구,https://www.work.go.kr/empInfo/empInfoSrch/detail/empDetailAuthView.do?searchInfoType=VALIDATION&callPage=detail&wantedAuthNo=KJKM002011260019&rtnTarget=list5
[산성동] 5등급 할아버지 케어하실 요양보호사구인,"시급 | 11,200원 이상",시간 | (장기),,"담당업무 :  [산성동] 5등급 할아버지: 독거:위층에 아들이 거주함 - 근무시간 : 오전, 오후 요양보호사 편한시간으로 3시간 -11,500원+치매수당 *...",경력무관 | 학력무관 | 경기도 성남시 수정구,https://www.work.go.kr/empInfo/empInfoSrch/detail/empDetailAuthView.do?searchInfoType=VALIDATION&callPage=detail&wantedAuthNo=KJKM002011260018&rtnTarget=list6
[온천동] 재가요양보호사 모집,"시급 | 11,000원 ~ 11,000원",시간 | (장기),15:00 ~ 18:00,"담당업무 :  - 미남역 반도보라스카이뷰 아파트 - 4등급 할머니(83세, 독거) - 주3회(월,수,금)/오후3시~6시/시급11,000원 - 가시지원위주, 일상생...",경력무관 | 학력무관 | 부산광역시 동래구 아시아드대로,https://www.work.go.kr/empInfo/empInfoSrch/detail/empDetailAuthView.do?searchInfoType=VALIDATION&callPage=detail&wantedAuthNo=KJBG002011260004&rtnTarget=list7
재가 요양보호사 채용,"시급 | 10,500원 이상",정규 | 주5일,,담당업무 :  요양보호 (무장면 3집) 9시간 활동,경력무관 | 학력무관 | 전라북도 고창군 보릿골로,https://www.work.go.kr/empInfo/empInfoSrch/detail/empDetailAuthView.do?searchInfoType=VALIDATION&callPage=detail&wantedAuthNo=KF11172011260015&rtnTarget=list8
동춘동 대우 삼환아파트 재가 요양보호사 모집,"시급 | 10,850원 ~ 10,850원",시간 | (장기),09:00 ~ 12:00,"담당업무 :  *동춘동 대우 삼환 아파트 재가 요양 보호사 모집 -4등급 할머니(독거/ -09:00~12:00 (주6일) -일상 가사, 정서지원,병원 및 외출 동...",경력무관 | 학력무관 | 인천광역시 연수구 원인재로,https://www.work.go.kr/empInfo/empInfoSrch/detail/empDetailAuthView.do?searchInfoType=VALIDATION&callPage=detail&wantedAuthNo=KJDI002011260005&rtnTarget=list9
요양보호사 채용,"시급 | 11,000원 ~ 11,000원",시간 | (장기),09:00 ~ 12:00,"담당업무 :  재가 요양보호사 3등급 (83세) 여자 어르신 케어 가족이 계시나 직장생활 하심. 건강지원 약물복용지원하기,위생지원하기,의료기관이...",경력무관 | 학력무관 | 경상남도 양산시 물금읍,https://www.work.go.kr/empInfo/empInfoSrch/detail/empDetailAuthView.do?searchInfoType=VALIDATION&callPage=detail&wantedAuthNo=KJSK002011260002&rtnTarget=list10
[양평읍] 재가 요양보호사 구인,"시급 | 10,850원 ~ 10,850원",시간 | (장기),,"담당업무 :  - 3등급 남자어르신 - 양평읍 백안리 - 시간은 협의 후 결정 - 시급 10,850원 - 채용담당자 : 02-436-2350",경력무관 | 학력무관 | 경기도 양평군 양평읍,https://www.work.go.kr/empInfo/empInfoSrch/detail/empDetailAuthView.do?searchInfoType=VALIDATION&callPage=detail&wantedAuthNo=KJKT002011260003&rtnTarget=list1
재가 요양보호사 구인,"시급 | 10,800원 ~ 10,800원",시간 | (장기),09:00 ~ 12:00,"담당업무 :  - 4등급 남자 어르신 - 말벗, 산책도움, 일상생활 지원 - 9시-12시 근무",경력무관 | 학력무관 | 서울특별시 노원구 마들로,https://www.work.go.kr/empInfo/empInfoSrch/detail/empDetailAuthView.do?searchInfoType=VALIDATION&callPage=detail&wantedAuthNo=KF10992011260001&rtnTarget=list2
[사노동] 재가요양보호사 구인,"시급 | 10,800원 이상",시간 | (장기),,"담당업무 :  - 수급자정보 : 89세, 3등급 할아버지케어 - 가사지원과 일상생활지원서비스 - 주5일 또는 주6일 /10:00~13:00(시간협의가능) * 실제 ...",경력무관 | 학력무관 | 경기도 구리시 동구릉로390번길,https://www.work.go.kr/empInfo/empInfoSrch/detail/empDetailAuthView.do?searchInfoType=VALIDATION&callPage=detail&wantedAuthNo=KJKJ002011260006&rtnTarget=list3
간호조무사모집,월급 | 200만원 이상,정규 | 주5일,09:00 ~ 18:00,"담당업무 :  -요양원어르신 간호및 병원진료동행, 제반서류작성업무 -경력3년이상",경력무관 | 학력무관 | 부산광역시 동래구 명륜로,https://www.work.go.kr/empInfo/empInfoSrch/detail/empDetailAuthView.do?searchInfoType=VALIDATION&callPage=detail&wantedAuthNo=KE70152011260004&rtnTarget=list4
재가 요양보호사 모집합니다.,"시급 | 10,900원 이상",시간 | (장기),09:00 ~ 12:00,"담당업무 :  * 직무내용 : 신체 활동, 가사지원, 말벗 * 대상자 : 4등급 남자 어르신 * 근무지 : 동구 만석3차아파트 * 근무조건 : 9시-12시/주5일...",경력무관 | 학력무관 | 인천광역시 동구 인중로,https://www.work.go.kr/empInfo/empInfoSrch/detail/empDetailAuthView.do?searchInfoType=VALIDATION&callPage=detail&wantedAuthNo=KJDF002011260002&rtnTarget=list5
요양보호사 채용,"시급 | 11,000원 ~ 11,000원",시간 | (장기),15:00 ~ 18:00,"담당업무 :  방문요양 67세 남자 어르신 케어 (4등급) 아들과 함께 동거 눈의 장애로 인하여 앞이 잘 보이지 않음 사고예방지원 대상자 관찰하기,...",경력무관 | 학력무관 | 경상남도 양산시 고향의봄10길,https://www.work.go.kr/empInfo/empInfoSrch/detail/empDetailAuthView.do?searchInfoType=VALIDATION&callPage=detail&wantedAuthNo=KJSK002011260001&rtnTarget=list6
[용호동] 재가요양보호사 모집,"시급 | 10,850원 이상",시간 | (장기),14:00 ~ 17:30,"담당업무 :  [용문중학교 인근 주택 근무예정] * 1등급 할머니(가족과 거주) * 기저귀 착용, 일상생활지원 * 주3일(화,목,토), 14:00~17:30, 시급...",경력무관 | 학력무관 | 부산광역시 남구 동명로101번길,https://www.work.go.kr/empInfo/empInfoSrch/detail/empDetailAuthView.do?searchInfoType=VALIDATION&callPage=detail&wantedAuthNo=KF10912011260009&rtnTarget=list7
재가요양보호사 구인,"시급 | 10,800원 ~ 10,800원",정규 | 주2일,,"담당업무 :  - 대상자: 4등급 여어르신, 독거 - 케어내용: 일상적 가사지원(식사지원, 청소 등) - 근무형태: 주2~3회(협의)/17:30~19:30(2시간)...",경력무관 | 학력무관 | 경기도 의정부시 장금로,https://www.work.go.kr/empInfo/empInfoSrch/detail/empDetailAuthView.do?searchInfoType=VALIDATION&callPage=detail&wantedAuthNo=KJKZ002011260005&rtnTarget=list8
도화동 재가 요양보호사 구인,"시급 | 11,000원 이상",비정규 | 주5일,09:00 ~ 12:00,담당업무 :  -도화동 자동차매매단지 근처 -3등급 할머니케어,경력무관 | 학력무관 | 인천광역시 미추홀구 수봉북로,https://www.work.go.kr/empInfo/empInfoSrch/detail/empDetailAuthView.do?searchInfoType=VALIDATION&callPage=detail&wantedAuthNo=KJDD002011260003&rtnTarget=list9
요양보호사 구인,월급 | 180만원 ~ 180만원,정규 | 주5일,21:00 ~ 18:00,담당업무 :  - 주간보호센터 내 어르신 케어 - 12월 2일부터 근무가능자 우대 - 취업성공패키지 참여자 우대 * 센터장님과 통화 후 면접진행하시기...,경력무관 | 학력무관 | 경기도 의정부시 능곡로,https://www.work.go.kr/empInfo/empInfoSrch/detail/empDetailAuthView.do?searchInfoType=VALIDATION&callPage=detail&wantedAuthNo=KJKZ002011260004&rtnTarget=list10
[율하동] 4등급 할머니 재가요양보호사 구인,"시급 | 10,800원 이상",시간 | (장기),10:00 ~ 13:00,"담당업무 :  율하동 4등급 할머니 오전10시~13시. 격주토요일근무 시급:10,800원 ☎ 문의: 053)667-6915 / 010-5118-5048",경력무관 | 학력무관 | 대구광역시 동구 율하동로,https://www.work.go.kr/empInfo/empInfoSrch/detail/empDetailAuthView.do?searchInfoType=VALIDATION&callPage=detail&wantedAuthNo=KF11882011260003&rtnTarget=list1
[식사동] 일산휴요양원 요양보호사 모집,월급 | 195만원 ~ 195만원,비정규 | 주5일,,"담당업무 :  / 직무내용: 입소하신 어르신들 케어(신입지원 가능, 경력자 우대 ) / 주주야야휴휴 근무 / 근무시간 - 주간:09:00~18:00, 야간:18:0...",경력무관 | 고졸 | ~ 박사 경기도,https://www.work.go.kr/empInfo/empInfoSrch/detail/empDetailAuthView.do?searchInfoType=VALIDATION&callPage=detail&wantedAuthNo=KJKC002011260011&rtnTarget=list2
재가요양보호사 구인,"시급 | 10,850원 ~ 10,850원",시간 | (장기),13:00 ~ 16:00,"담당업무 :  -부평 굴포천역 인근 대동아파트 거주//4등급 할머니 -거동가능, 인지정상, 화장실 사용 -일상생활케어 -주3일 월, 수,금 오후 1-4시",경력 | 학력무관 | 인천광역시 부평구 길주로,https://www.work.go.kr/empInfo/empInfoSrch/detail/empDetailAuthView.do?searchInfoType=VALIDATION&callPage=detail&wantedAuthNo=KJKE002011260005&rtnTarget=list3
4등급 숭의4동 재가 요양보호사 모집,"시급 | 11,500원 ~ 11,500원",시간 | (장기),14:00 ~ 17:00,담당업무 :  - 숭의4동 4등급 할아버지 케어 - 오후 2시~5시(주5일근무),경력무관 | 학력무관 | 인천광역시 미추홀구 경인로156번길,https://www.work.go.kr/empInfo/empInfoSrch/detail/empDetailAuthView.do?searchInfoType=VALIDATION&callPage=detail&wantedAuthNo=KJDD002011260002&rtnTarget=list4
숭의동 재가 요양보호사 구인,"시급 | 11,000원 이상",시간 | (장기),13:00 ~ 17:00,담당업무 :  -숭의동 국민은행 뒤 다복아파트 -2등급 할머니 재가요양,경력무관 | 학력무관 | 인천광역시 미추홀구 독정이로,https://www.work.go.kr/empInfo/empInfoSrch/detail/empDetailAuthView.do?searchInfoType=VALIDATION&callPage=detail&wantedAuthNo=KJDD002011260001&rtnTarget=list5
요양보호사 모집,월급 | 180만원 이상,비정규 | 주5일,08:30 ~ 17:30,담당업무 :  요양보호사 업무(어르신 케어) 송영(센터 차량 이용),신입 | 고졸 | 충청남도 논산시 중앙로359번길,https://www.work.go.kr/empInfo/empInfoSrch/detail/empDetailAuthView.do?searchInfoType=VALIDATION&callPage=detail&wantedAuthNo=KJND002011260002&rtnTarget=list6
[덕포동] 재가요양보호사,"시급 | 10,850원 이상",정규 | 주5일,13:00 ~ 16:00,담당업무 :  * 덕포동 유원아파트 앞 주택 근무 * 3등급 할머니(부부거주)- 4등급 상태 * 주5일 13시~16시 * 일상생활 지원 및 요양업무 * 지원가...,경력무관 | 학력무관 | 부산광역시 사상구 사상로,https://www.work.go.kr/empInfo/empInfoSrch/detail/empDetailAuthView.do?searchInfoType=VALIDATION&callPage=detail&wantedAuthNo=KF10912011260007&rtnTarget=list7
(수영동) 협성르네상스 요양보호사  모집,"시급 | 10,800원 ~ 10,800원",시간 | (장기),,"담당업무 :  - 협성 르네상스 4등급 70대초반 독거 여어르신 - 가사,정서지원 (어르신 이동시 부축필요하심) - 근무시간 : 07:30~10:00 (가끔 토요...",경력무관 | 학력무관 | 부산광역시 수영구 수영로741번길,https://www.work.go.kr/empInfo/empInfoSrch/detail/empDetailAuthView.do?searchInfoType=VALIDATION&callPage=detail&wantedAuthNo=KJBM002011260006&rtnTarget=list8
[반포2동] 4등급 독거 할머니 요양보호사 모집,"시급 | 11,000원 ~ 11,000원",시간 | (장기),,담당업무 :  - [반포2동] 4등급 독거 할머니 요양보호사 모집 - 주3일 (월수금 또는 화목토 )/ 14:00-17:00 [13시~16시 가능] - 시급 110...,경력무관 | 학력무관 | 서울특별시 서초구 반포대로,https://www.work.go.kr/empInfo/empInfoSrch/detail/empDetailAuthView.do?searchInfoType=VALIDATION&callPage=detail&wantedAuthNo=KJAM002011260003&rtnTarget=list9
"주간근무 요양보호사 (1명), 주주야야휴휴근무  요양보호사 (1명) 구인",월급 | 180만원 ~ 200만원,비정규 | 주5일,,담당업무 :  ㅇ 민락동 소재 민락소망요양원 요양보호사 구인 * 주간근무 요양보호사 : 1명 - 근무내용 : 요양보호 전반에 관한 업무 / 어르신 케...,경력무관 | 고졸 | ~ 대졸(4년) 경기도,https://www.work.go.kr/empInfo/empInfoSrch/detail/empDetailAuthView.do?searchInfoType=VALIDATION&callPage=detail&wantedAuthNo=KF11292011260002&rtnTarget=list10
재가 요양보호사 모집,"시급 | 10,810원 ~ 10,810원",시간 | (단기),14:00 ~ 18:00,담당업무 :  2등급 할머니 오후재가,경력 | 학력무관 | 경기도 부천시 경인로536번길,https://www.work.go.kr/empInfo/empInfoSrch/detail/empDetailAuthView.do?searchInfoType=VALIDATION&callPage=detail&wantedAuthNo=KJKL002011260002&rtnTarget=list1
부평/재가요양보호사 구인,"시급 | 11,000원 이상",시간 | (장기),08:30 ~ 11:30,담당업무 :  * 4등급 할머니 케어 - 허리수술로 인해 거동 붙잡고 하심 (기저귀 케어) - 가사지원 및 정서지원 - 3시간 근무 이후 추가로 근무 가...,경력무관 | 학력무관 | 인천광역시 부평구 장제로159번길,https://www.work.go.kr/empInfo/empInfoSrch/detail/empDetailAuthView.do?searchInfoType=VALIDATION&callPage=detail&wantedAuthNo=KJDE002011260009&rtnTarget=list2
서초동 1등급 남자어르신 입주 요양사 구인,월급 | 290만원 ~ 290만원,정규 | 주6일,,"담당업무 :  1등급 남자어르신 케어 1. 어르신 식사도움,말벗도움 2. 청소 및 식사 3. 입주요양사(24시간근무) 공단급여 4시간 기준80만원 + 비급...",경력2년 | 학력무관 | 서울특별시 서초구 서초중앙로,https://www.work.go.kr/empInfo/empInfoSrch/detail/empDetailAuthView.do?searchInfoType=VALIDATION&callPage=detail&wantedAuthNo=K120612011260024&rtnTarget=list3
치매교육이수 재가요양보호사 모집,"시급 | 11,500원 이상",시간 | (장기),,"담당업무 :  - 치매교육이수 재가요양보호사 모집 - 5등급 할머니 케어 (독거) - 근무지 : 동안구 갈산동인근 아파트 - 시급11,500원(인지활동 별...",경력무관 | 학력무관 | 경기도 안양시 동안구,https://www.work.go.kr/empInfo/empInfoSrch/detail/empDetailAuthView.do?searchInfoType=VALIDATION&callPage=detail&wantedAuthNo=KJKR002011260007&rtnTarget=list4
(재송동) 재가요양보호사 모집,"시급 | 8,590원 이상",시간 | (장기),,"담당업무 :  ✔ 해운대구 재송동 소재 ✔ 3등급 87세 여자어르신 ✔ 경증치매있음, 기저귀착용 ✔ 주5일 / 오전 3시간 ✔ 시급 10,850원(수당포함...",경력무관 | 학력무관 | 부산광역시 해운대구 재반로184번길,https://www.work.go.kr/empInfo/empInfoSrch/detail/empDetailAuthView.do?searchInfoType=VALIDATION&callPage=detail&wantedAuthNo=K130112011260017&rtnTarget=list5
재가요양보호사 구인,"시급 | 10,800원 이상",시간 | (장기),08:00 ~ 11:00,"담당업무 :  - 대상자 : 3등급 여자어르신 - 시급 : 10,800원, 주6일 - 근무시간 : 08:00~11:00 - 소재지 : 서구 검암동 소재",경력무관 | 학력무관 | 인천광역시 서구 도요지로202번길,https://www.work.go.kr/empInfo/empInfoSrch/detail/empDetailAuthView.do?searchInfoType=VALIDATION&callPage=detail&wantedAuthNo=KJDA002011260005&rtnTarget=list6
재가 요양보호사,"시급 | 10,800원 이상",시간 | (장기),13:00 ~ 16:00,"담당업무 :  -부평동 3등급 할머니 재가요양 -일상생활지원 및 말벗 -13:00~16:00, 주5일 -시급:10,800",경력 | 학력무관 | 인천광역시 부평구 주부토로32번길,https://www.work.go.kr/empInfo/empInfoSrch/detail/empDetailAuthView.do?searchInfoType=VALIDATION&callPage=detail&wantedAuthNo=KJDE002011260008&rtnTarget=list7
[반여동] 재가요양보호사 구인,"시급 | 11,000원 이상",시간 | (장기),13:00 ~ 16:00,"담당업무 :  -반여2동 주민센터 인근/5등급 할머니(70대말) - 13시-16시/주5일 / - 시급 11,000원&치매수당 -말벗,가사,산책 등",경력 | 학력무관 | 부산광역시 해운대구 해운대로61번길,https://www.work.go.kr/empInfo/empInfoSrch/detail/empDetailAuthView.do?searchInfoType=VALIDATION&callPage=detail&wantedAuthNo=KE70162011260001&rtnTarget=list8
[송정 주공2단지 근처]재가요양보호사 구인,"시급 | 11,000원 ~ 11,000원",시간 | (장기),11:00 ~ 14:00,"담당업무 :  [송정 주공2단지 근처]재가요양보호사 구인 - 4등급 할머니 - 신체활동지원,가사지원/독거 - 근무시간 : 오전,오후 중 3시간(구체적 ...",경력무관 | 학력무관 | 부산광역시 해운대구 송정중앙로15번길,https://www.work.go.kr/empInfo/empInfoSrch/detail/empDetailAuthView.do?searchInfoType=VALIDATION&callPage=detail&wantedAuthNo=KJBQ002011260004&rtnTarget=list9
치매재가 요양보호사 채용,"시급 | 13,000원 이상",시간 | (장기),09:00 ~ 12:00,"담당업무 :  * 5등급, 치매이수증 필수. - 주5일, 09:00~12:00 /시급 : 13,000원 - 케어내용: 청소, 인지프로그램 등.. - 근무시작: 채용...",경력무관 | 학력무관 | 경기도 의정부시 동일로,https://www.work.go.kr/empInfo/empInfoSrch/detail/empDetailAuthView.do?searchInfoType=VALIDATION&callPage=detail&wantedAuthNo=KJKZ002011260003&rtnTarget=list10
재가요양보호사 구인(치매교육 이수자),"시급 | 12,730원 ~ 12,730원",정규 | 주3일,13:30 ~ 16:30,"담당업무 :  거주지: 양천구 목동 금호베스트빌 주요할일: 5등급 할머니 근무: 주3회(화,수,금) 13:30~16:30",경력1년 | 학력무관 | 서울특별시 양천구 목동중앙북로8길,https://www.work.go.kr/empInfo/empInfoSrch/detail/empDetailAuthView.do?searchInfoType=VALIDATION&callPage=detail&wantedAuthNo=K151232011260027&rtnTarget=list1
금오동 재가 요양사 구인,"시급 | 10,850원 ~ 10,850원",시간 | (장기),13:00 ~ 16:00,"담당업무 :  - 4등급 독거 할머니 케어 희망(일상생활지원) - 근무지: 금오주공 9단지 - 주5일, 13:00-16:00 - 12월 1일 부터 근무가능자 우대 ...",경력무관 | 학력무관 | 경기도 의정부시 부용로,https://www.work.go.kr/empInfo/empInfoSrch/detail/empDetailAuthView.do?searchInfoType=VALIDATION&callPage=detail&wantedAuthNo=KJKZ002011260002&rtnTarget=list2
[구영리] 치매재가요양보호사 구인,"시급 | 8,590원 ~ 8,590원",정규 | 주5일,,"담당업무 :  - 대상자: 5등급 여자어르신/구영보건진료소 인근거주 - 직무내용: 신체활동지원,일상생활지원,정서지원 등 - 근무형태: (주5일)/월~...",경력무관 | 학력무관 | 경상남도 거제시 장목면,https://www.work.go.kr/empInfo/empInfoSrch/detail/empDetailAuthView.do?searchInfoType=VALIDATION&callPage=detail&wantedAuthNo=K130112011260012&rtnTarget=list3
재가요양보호사 모집,"시급 | 10,800원 ~ 10,800원",정규 | 주5일,12:00 ~ 16:00,"담당업무 :  - 2등급 케어 - 주5일근무 - 12:00~16:00(4시간) - 시급10,800원 - 근로개시 11월30일부터 * 실제 서비스 제공기간에 따라 임...",경력무관 | 학력무관 | 경기도 안양시 만안구,https://www.work.go.kr/empInfo/empInfoSrch/detail/empDetailAuthView.do?searchInfoType=VALIDATION&callPage=detail&wantedAuthNo=KJKR002011260004&rtnTarget=list4
입주 재가요양보호사 모집,월급 | 270만원 ~ 280만원,정규 | 주6일,,담당업무 :  부평동 1등급 할머니(부부거주) - 주6일근무 - 급여 : 270만원 ~280만원,경력2년 | 중졸 | ~ 대졸(4년) 인천광역시,https://www.work.go.kr/empInfo/empInfoSrch/detail/empDetailAuthView.do?searchInfoType=VALIDATION&callPage=detail&wantedAuthNo=KJDG002011260001&rtnTarget=list5
재가 요양보호사 구인,"시급 | 10,850원 ~ 10,850원",시간 | (장기),11:00 ~ 14:00,담당업무 :  - 4등급 할머님 어르신 케어 - 점심 식사 및 어르신 케어 - 말벗/가사도움 - 기타 궁금한 사항은 가평군 일자리센터( 031-580-4166)으...,경력 | 학력무관 | 경기도 남양주시 화도읍,https://www.work.go.kr/empInfo/empInfoSrch/detail/empDetailAuthView.do?searchInfoType=VALIDATION&callPage=detail&wantedAuthNo=KJKB002011260002&rtnTarget=list6
[재송동] 입주 재가요양보호사 모집,월급 | 360만원 이상,시간 | (장기),,"담당업무 :  입주 재가 요양보호사 모집 * 재송초등학교 인근 주택 * 2등급 할아버지(독거) -1층, (가족들은 4층 거주) * 24시간 근무 * 급여 360...",경력무관 | 학력무관 | 부산광역시 해운대구 재반로64번길,https://www.work.go.kr/empInfo/empInfoSrch/detail/empDetailAuthView.do?searchInfoType=VALIDATION&callPage=detail&wantedAuthNo=KF10912011260005&rtnTarget=list7
재가 요양보호사 구인,"시급 | 11,200원 이상",시간 | (장기),09:00 ~ 12:00,"담당업무 :  - 직무내용 : 2등급 남자어르신(학익동 신동아3차) - 근무시간 : 9:00-12:00 - 시급 : 11,200원 - 신체수발, 기저귀케어",경력 | 학력무관 | 인천광역시 미추홀구 매소홀로475번길,https://www.work.go.kr/empInfo/empInfoSrch/detail/empDetailAuthView.do?searchInfoType=VALIDATION&callPage=detail&wantedAuthNo=KJDA002011260002&rtnTarget=list8
요양보호사,월급 | 180만원 이상,비정규 | 주5일,,담당업무 :  어르신케어,경력무관 | 학력무관 | 전라북도 정읍시 태인면,https://www.work.go.kr/empInfo/empInfoSrch/detail/empDetailAuthView.do?searchInfoType=VALIDATION&callPage=detail&wantedAuthNo=K161122011260001&rtnTarget=list9
분당러스크재활병원 간호간병통합서비스 재활지원 및 병동지원 인원 모집,월급 | 179만원 이상,비정규 | 주5일,,담당업무 :  ※ 분당러스크재활병원에서 간호간병통합병동 병동지원 및 재활지원인원으로 근무하실 분을 구합니다. 1. 자격요건 - 요양보호사 자격...,경력무관 | 학력무관 | 경기도 성남시 분당구,https://www.work.go.kr/empInfo/empInfoSrch/detail/empDetailAuthView.do?searchInfoType=VALIDATION&callPage=detail&wantedAuthNo=K151232011260015&rtnTarget=list10
[망미동] 재가요양보호사 모집,"시급 | 11,000원 이상",시간 | (장기),09:00 ~ 12:00,"담당업무 :  - 망미동 주택(망미주공아파트 건너편) - 4등급 할머니(68세, 배우자 있음) - 주5회/오전9시~12시/시급11,000원(수당포함) - 손빨래(...",경력 | 학력무관 | 부산광역시 수영구 과정로91번길,https://www.work.go.kr/empInfo/empInfoSrch/detail/empDetailAuthView.do?searchInfoType=VALIDATION&callPage=detail&wantedAuthNo=KJBG002011260002&rtnTarget=list1
검암 서해그랑블 재가요양보호사,"시급 | 12,700원 ~ 13,000원",시간 | (장기),09:00 ~ 12:00,담당업무 :  [검암 서해그랑블] - 5등급 할아버지 / 치매교육 이수자 - 09:00 - 12:00 (3시간),경력무관 | 학력무관 | 인천광역시 서구 승학로495번길,https://www.work.go.kr/empInfo/empInfoSrch/detail/empDetailAuthView.do?searchInfoType=VALIDATION&callPage=detail&wantedAuthNo=KJDI002011260001&rtnTarget=list2
4등급 80후반 할머니/ 동작구 대방동 어르신 요양보호사 선생님 구인 올립니다.,"시급 | 11,000원 ~ 11,000원",정규 | 주6일,14:00 ~ 17:00,"담당업무 :  근무 조건 1. 시급 : 11,000원 2. 요일 : 월 ~ 토 (주 6일) 3. 시간 : 오후 2시 ~ 5시 (3시간) 4. 12월 2일부터 근무 가능...",경력무관 | 학력무관 | 서울특별시 동작구 여의대방로44길,https://www.work.go.kr/empInfo/empInfoSrch/detail/empDetailAuthView.do?searchInfoType=VALIDATION&callPage=detail&wantedAuthNo=KJAM002011260001&rtnTarget=list3
[수성구 범어동] 대구고용노동청 부근 주택 3등급 재가요양보호사,"시급 | 10,800원 ~ 10,800원",시간 | (장기),,"담당업무 :  - [수성구 범어동] 대구고용노동청 부근 주택 재가요양보호사 - 근무내용 : 3등급 아주머니 - 근무시간 : 09:00-12:00 (주3일) 월,수,...",경력무관 | 학력무관 | 대구광역시 수성구 청솔로12길,https://www.work.go.kr/empInfo/empInfoSrch/detail/empDetailAuthView.do?searchInfoType=VALIDATION&callPage=detail&wantedAuthNo=KJCH002011260001&rtnTarget=list4
(와부읍) 다사랑요양원 요양보호사 모집,월급 | 183만원 이상,비정규 | 주5일,,담당업무 :  - 공동생활가정 어르신 케어 - 주주야야휴휴 근무 - 12월 2일부터 근무 가능자,경력무관 | 학력무관 | 경기도 남양주시 와부읍,https://www.work.go.kr/empInfo/empInfoSrch/detail/empDetailAuthView.do?searchInfoType=VALIDATION&callPage=detail&wantedAuthNo=K151572011260011&rtnTarget=list5
간호조무사 구함,월급 | 180만원 이상,정규 | 주5일,09:00 ~ 18:00,담당업무 :  간호조무사 전반업무,경력무관 | 학력무관 | 충청남도 부여군 임천면,https://www.work.go.kr/empInfo/empInfoSrch/detail/empDetailAuthView.do?searchInfoType=VALIDATION&callPage=detail&wantedAuthNo=K172222011260005&rtnTarget=list6
물리치료사(작업치료사) 채용 공고,"시급 | 16,000원 ~ 30,000원",정규 | 주5일,,"담당업무 :  * 물리치료사 또는 작업치료사 가능(자격증 필요) * 대상자 관리적인 케어업무 * 차량 소지자만 지원 가능 * 자율 출퇴근제, 2일 ~ 5...",경력무관 | 학력무관 | 전라남도 무안군 삼향읍,https://www.work.go.kr/empInfo/empInfoSrch/detail/empDetailAuthView.do?searchInfoType=VALIDATION&callPage=detail&wantedAuthNo=K162122011260003&rtnTarget=list7
[낙민동] 재가요양보호사 구인,"시급 | 10,850원 ~ 10,850원",정규 | 주2일,,"담당업무 :  - 낙민동 한일유엔아이 아파트 - 3등급 할아버지(85세, 배우자있음) - 주2일(요일협의)/1일3시간(시간협의/목욕서비스 1시간 추가가능...",경력무관 | 학력무관 | 부산광역시 동래구 온천천로339번길,https://www.work.go.kr/empInfo/empInfoSrch/detail/empDetailAuthView.do?searchInfoType=VALIDATION&callPage=detail&wantedAuthNo=KJBG002011260001&rtnTarget=list8
주간보호센터 요양보호사 추가 채용,월급 | 180만원 ~ 190만원,정규 | 주5일,09:00 ~ 18:30,"담당업무 :  [다사랑주간보호센타] ▣직무내용:인지프로그램,신체활동지원,정서지원등 ▣근무형태:주5일(오전9시~오후6시30분, 토,일 한달에 한두...",경력무관 | 학력무관 | 경기도 의정부시 회룡로105번길,https://www.work.go.kr/empInfo/empInfoSrch/detail/empDetailAuthView.do?searchInfoType=VALIDATION&callPage=detail&wantedAuthNo=KJKZ002011260001&rtnTarget=list9
[해운대구] 재가요양보호사 모집,"시급 | 11,000원 이상",시간 | (장기),09:30 ~ 12:30,"담당업무 :  * 좌동 상록아파트 * 4등급 할아버지(70대후반): 배우자 함께 거주 * 식사지원 위주 * 주5일 / 9:30~12;30(3시간) * 시급 11,0...",경력무관 | 학력무관 | 부산광역시 해운대구 세실로,https://www.work.go.kr/empInfo/empInfoSrch/detail/empDetailAuthView.do?searchInfoType=VALIDATION&callPage=detail&wantedAuthNo=KF10912011260001&rtnTarget=list10
재가요양보호사 구인,"시급 | 10,900원 이상",시간 | (장기),14:30 ~ 17:30,"담당업무 :  -4등급 할머니 재가요양 어르신신체활동및 가사일상지원, -근로조건면접시 협의 -주3일 월수금 14:30~17:30",경력 | 초졸이하 | ~ 대졸(4년) 인천광역시,https://www.work.go.kr/empInfo/empInfoSrch/detail/empDetailAuthView.do?searchInfoType=VALIDATION&callPage=detail&wantedAuthNo=KJDE002011250022&rtnTarget=list1
재가요양보호사 모집,"시급 | 11,000원 ~ 11,000원",시간 | (장기),,"담당업무 :  ▶모집분야: 재가요양보호사 ▶근무내용: 3등급 할머니 어르신케어, 병원동행, 일상생활 케어 ▶근무시간: (주 3일) 목, 금, 토 ▶급 ...",신입 | 학력무관 | 경기도 수원시 권선구,https://www.work.go.kr/empInfo/empInfoSrch/detail/empDetailAuthView.do?searchInfoType=VALIDATION&callPage=detail&wantedAuthNo=KF10602011250006&rtnTarget=list2
[동구 지저동]재가요양보호사 구인,"시급 | 11,500원 이상",시간 | (장기),09:00 ~ 11:30,"담당업무 :  - 대상 : 4등급할머니 - 업무 : 신체활동지원,가사지원 - 위치 : 동구 지저동 - 근무조건 : 09:00~11:30(주5회)-협의가능 -시급 :...",경력무관 | 학력무관 | 대구광역시 동구 공항로,https://www.work.go.kr/empInfo/empInfoSrch/detail/empDetailAuthView.do?searchInfoType=VALIDATION&callPage=detail&wantedAuthNo=KF10882011250009&rtnTarget=list3
재가요양보호사 선생님을 구인합니다.,"시급 | 10,802원 ~ 10,802원",정규 | 주5일,08:00 ~ 12:00,담당업무 :  성주군 수륜면 4등급 어머니 12월부터 근무가능함,경력무관 | 학력무관 | 경상북도 성주군 선남면,https://www.work.go.kr/empInfo/empInfoSrch/detail/empDetailAuthView.do?searchInfoType=VALIDATION&callPage=detail&wantedAuthNo=KJRK002011250004&rtnTarget=list4
행신동 서정마을  재가요양보호사 구인,"시급 | 11,000원 이상",정규 | 주6일,09:00 ~ 12:00,"담당업무 :  ☆ 행신동 서정마을 재가요양보호사 구인 / 4등급 할머니 일반 방문 케어(독거) / 주 6일근무(09시~12시) / 시급 11,000원 / 채용담당...",경력무관 | 학력무관 | 경기도 고양시 덕양구,https://www.work.go.kr/empInfo/empInfoSrch/detail/empDetailAuthView.do?searchInfoType=VALIDATION&callPage=detail&wantedAuthNo=KJKC002011250028&rtnTarget=list5
5등급 재가요양보호사 구인,"시급 | 12,920원 이상",시간 | (장기),13:00 ~ 16:00,"담당업무 :  - 직무내용 : 5등급 여자어르신(주안2동 기계공고건너편) - 근무시간 :주5일 13:00-16:00 - 시급 : 11,000원(3시간)+인지수당(5...",경력 | 학력무관 | 인천광역시 미추홀구 남주길,https://www.work.go.kr/empInfo/empInfoSrch/detail/empDetailAuthView.do?searchInfoType=VALIDATION&callPage=detail&wantedAuthNo=KJDA002011250010&rtnTarget=list6
재가 요양보호사 구인,"시급 | 10,900원 이상",시간 | (장기),08:00 ~ 11:00,"담당업무 :  - 직무내용 : 4등급 남자어르신(관교동 한신휴플러스) - 근무시간 :주5일 8:00-11:00 - 시급 : 10,900원 - 청소, 운동",경력 | 학력무관 | 인천광역시 미추홀구 경원대로,https://www.work.go.kr/empInfo/empInfoSrch/detail/empDetailAuthView.do?searchInfoType=VALIDATION&callPage=detail&wantedAuthNo=KJDA002011250009&rtnTarget=list7
[대연동] 재가요양보호사 모집,"시급 | 11,000원 이상",시간 | (장기),09:30 ~ 12:30,담당업무 :  * 대연역 무지개유치원 인근 주택 * 3등급 할머니(90대초반): 독거 * 식사지원. 가사지원. 병원동행 등 * 주5일 / 9:30~12;30(3시간...,경력무관 | 학력무관 | 부산광역시 남구 못골번영로,https://www.work.go.kr/empInfo/empInfoSrch/detail/empDetailAuthView.do?searchInfoType=VALIDATION&callPage=detail&wantedAuthNo=KF10912011250021&rtnTarget=list8
<이곡동>재가요양보호사,"시급 | 11,000원 ~ 11,000원",시간 | (장기),09:00 ~ 12:00,담당업무 :  성서국민체육센터 인근 5등급할머니 - 치매이수자 - 09:00~12:00 (주5일) - 시급11000원+치매이수수당 문의 : 대구새일센터 (803~7...,경력무관 | 학력무관 | 대구광역시 달서구 선원로,https://www.work.go.kr/empInfo/empInfoSrch/detail/empDetailAuthView.do?searchInfoType=VALIDATION&callPage=detail&wantedAuthNo=KF10122011250003&rtnTarget=list9
[오후 3일]요양보호사 모집,"시급 | 11,000원 이상",시간 | (단기),17:30 ~ 19:30,"담당업무 :  * 신곡동 지하차도 인근 빌라 - 66세 3등급 여자어른신, 부부거주(남편은 직장다님) - 주 3일(월, 수, 금, 17:30 ~ 19:30(2시간)...",신입 | 학력무관 | 경기도 의정부시 동일로,https://www.work.go.kr/empInfo/empInfoSrch/detail/empDetailAuthView.do?searchInfoType=VALIDATION&callPage=detail&wantedAuthNo=KJKZ002011250012&rtnTarget=list10
재가요양보호사 모집[울산광역시 일자리지원센터 채용대행],"시급 | 10,800원 이상",시간 | (단기),,담당업무 :  -재가요양보호사 모집 -3등급 할머니,경력무관 | 학력무관 | 울산광역시 남구 삼산로125번길,https://www.work.go.kr/empInfo/empInfoSrch/detail/empDetailAuthView.do?searchInfoType=VALIDATION&callPage=detail&wantedAuthNo=KJGA002011250002&rtnTarget=list1
입주 요양보호사 구인-3등급 여자 어르신,월급 | 300만원 ~ 300만원,정규 | 주6일,,담당업무 :  -입주 요양보호사 -3등급 여자 어르신/독거 -광진구 자양번영로3다길 10 -거동 가능 / 기저귀 케어 필요없음 -주6일 근무 -300만원,경력무관 | 학력무관 | 서울특별시 광진구 자양번영로3다길,https://www.work.go.kr/empInfo/empInfoSrch/detail/empDetailAuthView.do?searchInfoType=VALIDATION&callPage=detail&wantedAuthNo=KF11072011250002&rtnTarget=list2
[안락동] 재가요양보호사 모집,"시급 | 10,850원 이상",시간 | (장기),15:00 ~ 18:00,"담당업무 :  안락동 안락뜨란채 근무 * 5등급 할머니 * 치매교육이수증 필수 * 식사지원 및 일상생활지원 * 주5일, 오후3시~6시(시간변경안됨) * ...",경력무관 | 학력무관 | 부산광역시 동래구 연안로,https://www.work.go.kr/empInfo/empInfoSrch/detail/empDetailAuthView.do?searchInfoType=VALIDATION&callPage=detail&wantedAuthNo=KF10912011250019&rtnTarget=list3
숭의동 오후 재가요양보호사 구인,"시급 | 11,000원 ~ 11,000원",시간 | (단기),13:00 ~ 16:00,"담당업무 :  - 010-3742-1955 / 010-7337-7997 - 시급 11,000원 - 주 5일 (13시~16시) - 4등급 할어버지 케어",경력무관 | 학력무관 | 인천광역시 미추홀구 미추로,https://www.work.go.kr/empInfo/empInfoSrch/detail/empDetailAuthView.do?searchInfoType=VALIDATION&callPage=detail&wantedAuthNo=KJDD002011250003&rtnTarget=list4
재가요양보호사 구인,"시급 | 15,000원 ~ 15,000원",시간 | (장기),05:30 ~ 19:00,"담당업무 :  * 대상자 : 5등급 여자어르신케어 * 근무지 : 연수구 랜드마크로19(송도동, 송도SKVIEW) * 근무시간 : 17:30~19:00(주4일/월,화...",경력 | 학력무관 | 인천광역시 연수구 랜드마크로,https://www.work.go.kr/empInfo/empInfoSrch/detail/empDetailAuthView.do?searchInfoType=VALIDATION&callPage=detail&wantedAuthNo=KF11102011250006&rtnTarget=list5
재가요양보호사 모집,"시급 | 10,800원 ~ 10,800원",시간 | (장기),12:00 ~ 15:00,담당업무 :  ** 덕계동 - 3등급 할아버지 - 어르신 말벗 및 가사도움. 산책도움 - 12:00-15:00(주 5일)이지만 13:00-16:00 변경 가능 - ...,경력무관 | 학력무관 | 경기도 양주시 평화로1429번길,https://www.work.go.kr/empInfo/empInfoSrch/detail/empDetailAuthView.do?searchInfoType=VALIDATION&callPage=detail&wantedAuthNo=KJKS002011250012&rtnTarget=list6
(봉덕3동) 요양보호사님을 모집합니다.,"시급 | 10,800원 ~ 10,800원",시간 | (장기),10:00 ~ 13:00,담당업무 :  - 근무예정지: 봉덕3동 (영대4거리 인근) - 봉덕동 3등급 80대 어르신 (여) (가족분 계심) - 근무시간: 오전10~1시 (협의가능) - 월~...,경력1년 | 학력무관 | 대구광역시 남구 봉덕로6길,https://www.work.go.kr/empInfo/empInfoSrch/detail/empDetailAuthView.do?searchInfoType=VALIDATION&callPage=detail&wantedAuthNo=KJCC002011250002&rtnTarget=list7
재가요양보호사 모집(치매교육이수자),"시급 | 10,845원 ~ 10,845원",시간 | (장기),13:00 ~ 16:00,담당업무 :  - 업 무 : 전반적인 재가요양 업무 - 대 상 : 5등급 할머니(치매교육이수자) - 근무지 : 청도군 금천면 사전리 - 시 간 : 13:00 ~ 1...,경력무관 | 학력무관 | 경상북도 청도군 금천면,https://www.work.go.kr/empInfo/empInfoSrch/detail/empDetailAuthView.do?searchInfoType=VALIDATION&callPage=detail&wantedAuthNo=KJRU002011250001&rtnTarget=list8
재가 요양보호사,"시급 | 10,500원 이상",시간 | (장기),09:00 ~ 12:00,"담당업무 :  * 갈산동 /4등급 할머니(흡연) - 가사 및 일상생활 지원 - 오전 9시00분~12시00분, 주6일 - 시급:10,500원",경력 | 학력무관 | 인천광역시 부평구 주부토로,https://www.work.go.kr/empInfo/empInfoSrch/detail/empDetailAuthView.do?searchInfoType=VALIDATION&callPage=detail&wantedAuthNo=KJDE002011250016&rtnTarget=list9
조원동  재가 요양보호사 모집,"시급 | 10,800원 이상",시간 | (단기),08:00 ~ 11:00,"담당업무 :  * 4등급 독거어르신 케어 (가사지원, 일상생활지원) * 주3일(월,수,금)) 08:00~11:00 * 시급 10,800원",경력무관 | 학력무관 | 경기도 수원시 장안구,https://www.work.go.kr/empInfo/empInfoSrch/detail/empDetailAuthView.do?searchInfoType=VALIDATION&callPage=detail&wantedAuthNo=KJKN002011250017&rtnTarget=list10
재가요양보호사 구인,"시급 | 10,800원 ~ 10,800원",시간 | (장기),10:00 ~ 13:00,담당업무 :  - 산본 1동 매화아파트 14단지 4등급 할머님 케어(가사 및 이동도움서비스) - 주5일 10:00~13:00 (13:00~16:00) 시간협의 가능...,경력 | 학력무관 | 경기도 군포시 곡란로,https://www.work.go.kr/empInfo/empInfoSrch/detail/empDetailAuthView.do?searchInfoType=VALIDATION&callPage=detail&wantedAuthNo=KJKH002011250006&rtnTarget=list1
재가요양보호사 모집(서구 가좌동),"시급 | 13,000원 ~ 13,000원",시간 | (장기),12:30 ~ 15:30,"담당업무 :  <구인내용> - 근무장소 : 서구 가좌동 - 대상자 : 5등급 할아버지 - 근무시간 : 12:30~15:30(주3일) - 시급 : 13,00...",경력무관 | 학력무관 | 인천광역시 서구 건지로318번안길,https://www.work.go.kr/empInfo/empInfoSrch/detail/empDetailAuthView.do?searchInfoType=VALIDATION&callPage=detail&wantedAuthNo=KF11122011250003&rtnTarget=list2
치매 재가 요양보호사님 모십니다,"시급 | 10,850원 이상",정규 | 주5일,12:30 ~ 15:30,"담당업무 :  ** 백석 요양보호사 - 5등급 할머니 - 서비스내용: 식사도움, 말벗 등 - 근무지: 광적 주공아파트 (주소 임의기재, 면접시 확인) - 12...",경력무관 | 중졸 | ~ 대졸(4년) 경기도,https://www.work.go.kr/empInfo/empInfoSrch/detail/empDetailAuthView.do?searchInfoType=VALIDATION&callPage=detail&wantedAuthNo=KJKS002011250009&rtnTarget=list3
치매요양보호사 구인,"시급 | 10,810원 이상",시간 | (장기),09:00 ~ 12:00,"담당업무 :  ▣ 5등급 할머니, 아들과 함께 거주(직장다님), 애완견 1마리 있음(온순하다고 함) ▣ 업무내용 : 인지프로그램, 약챙겨드리기, 주1회...",경력무관 | 학력무관 | 경기도 의정부시 평화로290번길,https://www.work.go.kr/empInfo/empInfoSrch/detail/empDetailAuthView.do?searchInfoType=VALIDATION&callPage=detail&wantedAuthNo=KJKZ002011250007&rtnTarget=list4
재가요양보호사,"시급 | 8,590원 이상",시간 | (장기),09:00 ~ 13:00,담당업무 :  - 재가요양보호사 구인 - 2등급 할머니(부부동거)/기저귀 있음 - 09:00~13:00(주5일)/13:00~09:00(격일):1일11만원-대상자 부...,경력무관 | 학력무관 | 부산광역시 북구 덕천로234번길,https://www.work.go.kr/empInfo/empInfoSrch/detail/empDetailAuthView.do?searchInfoType=VALIDATION&callPage=detail&wantedAuthNo=KF10912011250014&rtnTarget=list5
성동구/ 3등급 여자어르신 재가요양보호사 모집,"시급 | 11,000원 ~ 11,000원",시간 | (장기),11:00 ~ 16:00,"담당업무 :  * 성동구 행당동 한진타운 아파트(행당역 부근) * 3등급 79세 여자어르신 * 주 2일, 화목, 11~16시 * 시급 : 11,000원 * 병원 동...",경력무관 | 학력무관 | 서울특별시 성동구 행당로,https://www.work.go.kr/empInfo/empInfoSrch/detail/empDetailAuthView.do?searchInfoType=VALIDATION&callPage=detail&wantedAuthNo=KF10082011250005&rtnTarget=list6
재가요양사 모집,"시급 | 10,800원 ~ 10,800원",시간 | (장기),,"담당업무 :  - 3급할머니(월수금 13:00~16:00, 화목토 16:30~18:30) - 거동도움, 가사도움 필요함. - 반찬잘하시는분 희망",신입 | 학력무관 | 경기도 부천시 양지로,https://www.work.go.kr/empInfo/empInfoSrch/detail/empDetailAuthView.do?searchInfoType=VALIDATION&callPage=detail&wantedAuthNo=KJKL002011250007&rtnTarget=list7
(사동) 재가요양보호사 구인,"시급 | 10,800원 ~ 10,800원",시간 | (장기),09:00 ~ 12:00,"담당업무 :  - 계산동 은행마을태산아파트 - 2등급 여자어르신 - 오전9시~12시, 주6일근무 - 10800원 * 독거, 기저귀케어, 식사케어필요",경력무관 | 학력무관 | 인천광역시 계양구 오조산로62번길,https://www.work.go.kr/empInfo/empInfoSrch/detail/empDetailAuthView.do?searchInfoType=VALIDATION&callPage=detail&wantedAuthNo=KF10132011250006&rtnTarget=list8
재가요양보호사 구인,"시급 | 10,850원 이상",시간 | (장기),10:00 ~ 17:00,"담당업무 :  ▶ 개금반도보라아파트, 1등급 할머니(90대 초반. 따님 출근으로 해당시간 혼자계심), 10:00~17:00, 주5일, 시급10,850원(수당포함) ...",경력무관 | 학력무관 | 부산광역시 부산진구 개금본동로,https://www.work.go.kr/empInfo/empInfoSrch/detail/empDetailAuthView.do?searchInfoType=VALIDATION&callPage=detail&wantedAuthNo=KF10912011250012&rtnTarget=list9
금정구 장전동 요양보호사(치매)님을 모집합니다.,"시급 | 10,850원 ~ 10,850원",시간 | (장기),,담당업무 :  - 5등급(70대) 남자어르신/금샘로17번안길(장전동) - 오전 오후 협의가능(주5일)/시급 10850원+인지수당 - 치매이수증 필수 - 일상적...,경력무관 | 학력무관 | 부산광역시 금정구 금샘로17번안길,https://www.work.go.kr/empInfo/empInfoSrch/detail/empDetailAuthView.do?searchInfoType=VALIDATION&callPage=detail&wantedAuthNo=KJBE002011250002&rtnTarget=list10
"[화성, 반월동]신영통현대1차/오후 재가요양보호사 모집안내","시급 | 10,900원 ~ 10,900원",시간 | (장기),13:00 ~ 16:00,"담당업무 :  * 오후 재가요양보호사 모집안내 - 보호대상: 3등급 80대 여성/부축하여 거동 - 직무내용: 신체적&정서적 지원, 일반재가요양업무 - ...",경력무관 | 학력무관 | 경기도 화성시 영통로27번길,https://www.work.go.kr/empInfo/empInfoSrch/detail/empDetailAuthView.do?searchInfoType=VALIDATION&callPage=detail&wantedAuthNo=KJK6002011250012&rtnTarget=list1
[아랫반송] 재가요양보호사 모집,"시급 | 8,590원 ~ 8,590원",시간 | (장기),09:00 ~ 12:00,"담당업무 :  [아랫반송] 재가요양보호사 모집 - 3등급(할머니, 41년생) - 거동불편, 의사소통어려움, 기저귀및 할머니케어(오후 할아버지담당 요양...",경력무관 | 학력무관 | 부산광역시 해운대구 아랫반송로60번길,https://www.work.go.kr/empInfo/empInfoSrch/detail/empDetailAuthView.do?searchInfoType=VALIDATION&callPage=detail&wantedAuthNo=KJBQ002011250002&rtnTarget=list2
"[동탄2, 송동] 레이크자이더테라스/오후 재가요양보호사 모집안내","시급 | 13,000원 ~ 13,000원",시간 | (장기),18:00 ~ 20:00,"담당업무 :  * 오후 재가요양보호사 모집안내 - 보호대상: 4등급 80대 여성 - 직무내용: 식사도움, 정서적, 신체적 지원 - 근무시간: 18:00~20:00/...",경력 | 학력무관 | 경기도 화성시 동탄순환대로1길,https://www.work.go.kr/empInfo/empInfoSrch/detail/empDetailAuthView.do?searchInfoType=VALIDATION&callPage=detail&wantedAuthNo=KJK6002011250011&rtnTarget=list3
수원 포근한 요양원에서 함께하실 요양보호사쌤들을 구합니다,월급 | 190만원 ~ 200만원,비정규 | 주5일,,담당업무 :  서수원 이마트 인근에 위치한 포근한 요양원입니다. 저희 요양원은 18인 시설이며 이제 막 오픈했습니다. 같이 근무하시고자 하시는 ...,경력무관 | 학력무관 | 경기도 수원시 권선구,https://www.work.go.kr/empInfo/empInfoSrch/detail/empDetailAuthView.do?searchInfoType=VALIDATION&callPage=detail&wantedAuthNo=K151122011250045&rtnTarget=list4
재가요양보호사모집,"시급 | 10,900원 ~ 10,900원",시간 | (장기),09:00 ~ 12:00,"담당업무 :  - 4등급 할머니케어 - 일상생활 지원, 기저귀케어 - 근무시간9:00~12:00 월-금 - 시급 10.900원",경력무관 | 학력무관 | 인천광역시 계양구 황어로115번길,https://www.work.go.kr/empInfo/empInfoSrch/detail/empDetailAuthView.do?searchInfoType=VALIDATION&callPage=detail&wantedAuthNo=K150122011250043&rtnTarget=list5
[궁동] 재가요양보호사 구인,"시급 | 10,850원 이상",시간 | (장기),10:00 ~ 13:00,담당업무 :  3등급 할아버지방문 일상지원,경력무관 | 학력무관 | 서울특별시 구로구 부일로13길,https://www.work.go.kr/empInfo/empInfoSrch/detail/empDetailAuthView.do?searchInfoType=VALIDATION&callPage=detail&wantedAuthNo=KJKE002011250005&rtnTarget=list6
동양동 오후 재가요양보호사 구인,"시급 | 11,000원 ~ 11,000원",시간 | (장기),14:00 ~ 17:00,"담당업무 :  - 행복한노인요양센터 - 010-3742-1955 / 010-7337-7997 - 계양구 양지로 7 (동양동, 주공아파트) - 시급 11,000원 - 주 5일 오후 2...",경력무관 | 학력무관 | 인천광역시 계양구 양지로,https://www.work.go.kr/empInfo/empInfoSrch/detail/empDetailAuthView.do?searchInfoType=VALIDATION&callPage=detail&wantedAuthNo=KJDC002011250001&rtnTarget=list7
*요양보호사 모집*,"시급 | 10,900원 ~ 10,900원",시간 | (장기),12:00 ~ 15:00,"담당업무 :  * 요양보호사 모집* -4등급 남자어르신 -신체활동, 정서지원, 가사지원 -주 3일 (화, 목,금요일) -시간 : (정오)12시~(오후)3시",경력무관 | 학력무관 | 인천광역시 미추홀구 소성로,https://www.work.go.kr/empInfo/empInfoSrch/detail/empDetailAuthView.do?searchInfoType=VALIDATION&callPage=detail&wantedAuthNo=KJDA002011250005&rtnTarget=list8
[용호동] 재가요양보호사 모집,"시급 | 10,850원 이상",정규 | 주6일,09:00 ~ 15:00,"담당업무 :  * 2등급 할아버지(부부거주) * 일상생활지원 등 * 주6일, 시급10850원 * 09:00~15:00(추가 2시간은 보호자가 지급) * 요양병원 근...",경력무관 | 학력무관 | 부산광역시 남구 분포로,https://www.work.go.kr/empInfo/empInfoSrch/detail/empDetailAuthView.do?searchInfoType=VALIDATION&callPage=detail&wantedAuthNo=KF10912011250009&rtnTarget=list9
재가요양보호사  구인,"시급 | 11,000원 이상",시간 | (단기),13:00 ~ 16:00,담당업무 :  재가요양보호사구인 (구월동) 대상자 거주지 : 남동구 인주대로 676번길 4등급 할아버지. 식사도움.주변정리정돈.등 주5일 오후 1시~4...,경력무관 | 학력무관 | 인천광역시 남동구 인주대로676번길,https://www.work.go.kr/empInfo/empInfoSrch/detail/empDetailAuthView.do?searchInfoType=VALIDATION&callPage=detail&wantedAuthNo=KJDE002011250010&rtnTarget=list10
동부이촌동 4등급 요양보호사 구인,"시급 | 10,850원 ~ 10,850원",시간 | (장기),09:30 ~ 12:30,"담당업무 :  동부이촌동 80대남자어르신(4등급) 요양보호사 - 부부거주 - 일상생활 지원 - 근무시간 : 9:00~12:00(월-금) - 시급 10,850원",경력무관 | 학력무관 | 서울특별시 용산구 이촌로64길,https://www.work.go.kr/empInfo/empInfoSrch/detail/empDetailAuthView.do?searchInfoType=VALIDATION&callPage=detail&wantedAuthNo=KF10082011250003&rtnTarget=list1
입주 재가 요양보호사 모집,월급 | 280만원 이상,비정규 | 주6일,,담당업무 :  입주재가 채용즉시 근무가능 -3등급 41년생 신**혼자사시는 여 어르신 / 이동시 워커이용 * 일주일에 1일 휴무 * 일상생활 케어 * 월...,경력무관 | 학력무관 | 경기도 의정부시 용민로7번길,https://www.work.go.kr/empInfo/empInfoSrch/detail/empDetailAuthView.do?searchInfoType=VALIDATION&callPage=detail&wantedAuthNo=KJKZ002011250006&rtnTarget=list2
홍제동 재가요양보호사 구인,"시급 | 11,000원 이상",시간 | (단기),09:00 ~ 12:00,"담당업무 :  ☆홍제동 재가요양보호사 구인 / 4등급 할머니 일상생활 지원 / 주 3일근무(09:00~12:00) . 근무 요일은 조율 가능 / 시급 11,000원...",경력무관 | 학력무관 | 서울특별시 서대문구 통일로,https://www.work.go.kr/empInfo/empInfoSrch/detail/empDetailAuthView.do?searchInfoType=VALIDATION&callPage=detail&wantedAuthNo=KJKC002011250008&rtnTarget=list3
[장지동] 4등급 할머니 케어하실 요양보호사 구인,"시급 | 10,800원 이상",시간 | (장기),15:00 ~ 18:00,"담당업무 :  -4등급 할머니:가족과 거주하나 케어시는 혼자있음 - 근무시간 : 15시~18시(주6일, 월~토) - 급여 : 10,800원",경력무관 | 학력무관 | 경기도 광주시 절골길,https://www.work.go.kr/empInfo/empInfoSrch/detail/empDetailAuthView.do?searchInfoType=VALIDATION&callPage=detail&wantedAuthNo=KJKM002011250005&rtnTarget=list4
주안동 재가요양보호사 모집,"시급 | 11,300원 ~ 11,300원",시간 | (장기),07:30 ~ 10:00,"담당업무 :  *주안1동 성당 뒤쪽(인천2호선 시민공원역 인근) *2등급, 할머니 *7:30~10:00(주5일) *시급 11,300원",신입 | 학력무관 | 인천광역시 미추홀구 주안중로9번길,https://www.work.go.kr/empInfo/empInfoSrch/detail/empDetailAuthView.do?searchInfoType=VALIDATION&callPage=detail&wantedAuthNo=KF10132011250001&rtnTarget=list5
[남항동] 요양보호사채용,"시급 | 10,850원 이상",시간 | (장기),09:00 ~ 12:00,"담당업무 :  -3등급 할머니(독거) -남항동 거주/일반요양업무 -09:00~12:00 (3시간)/주5일 -시급10850원(주휴수당,연차수당,처우개선비 포함등)",경력 | 학력무관 | 부산광역시 영도구 절영로94번길,https://www.work.go.kr/empInfo/empInfoSrch/detail/empDetailAuthView.do?searchInfoType=VALIDATION&callPage=detail&wantedAuthNo=KF10912011250007&rtnTarget=list6
간호조무사 채용,월급 | 195만원 ~ 195만원,비정규 | 주5일,08:30 ~ 17:30,담당업무 :  요양원 내 간호조무사 업무 노인장기요양기관 평가 경력 우대,경력1년 | 학력무관 | 경기도 파주시 광탄면,https://www.work.go.kr/empInfo/empInfoSrch/detail/empDetailAuthView.do?searchInfoType=VALIDATION&callPage=detail&wantedAuthNo=K151822011250011&rtnTarget=list7
재가 요양보호사 채용,"시급 | 10,900원 ~ 10,900원",시간 | (장기),12:00 ~ 15:00,"담당업무 :  - 4등급 할머니, 독거 - 케어내용: 병원동행, 식사 등 일상생활지원 >자차 소지자 지원희망 - 주5일, 12:00~15:00 /시급: 10,...",경력무관 | 학력무관 | 경기도 의정부시 용민로,https://www.work.go.kr/empInfo/empInfoSrch/detail/empDetailAuthView.do?searchInfoType=VALIDATION&callPage=detail&wantedAuthNo=KJKZ002011250003&rtnTarget=list8
재가요양사 구인,"시급 | 13,000원 이상",정규 | 주5일,09:00 ~ 12:00,"담당업무 :  - 치매5등급 어르신 - 오전 오후 시간무관함, 청력장애, 식사케어희망함 - 지원시 담당과 전화문의 바랍니다",경력1년 | 학력무관 | 경기도 안양시 동안구,https://www.work.go.kr/empInfo/empInfoSrch/detail/empDetailAuthView.do?searchInfoType=VALIDATION&callPage=detail&wantedAuthNo=KJKR002011250005&rtnTarget=list9
[이촌동/3등급] 재가요양보호사 모집,"시급 | 14,500원 ~ 14,500원",시간 | (장기),10:00 ~ 16:30,"담당업무 :  [이촌동, 재가요양보호사] - 3등급 여자어르신케어(80대/부부거주/부축 시 거동가능) - 일상생활지원(식사 도움, 주변정리 등) - 근무...",경력무관 | 학력무관 | 서울특별시 용산구 이촌로64길,https://www.work.go.kr/empInfo/empInfoSrch/detail/empDetailAuthView.do?searchInfoType=VALIDATION&callPage=detail&wantedAuthNo=KF10082011250001&rtnTarget=list10
재가 요양보호사 구인,"시급 | 11,000원 ~ 11,000원",시간 | (장기),08:30 ~ 11:30,"담당업무 :  -대상자:4등급여자어르신(배우자와거주) -근무지:제일시장 KT 부근 -근무시간:오전8시30분~오전11시30분(주4회,월수목금) -급여:11,00...",경력 | 학력무관 | 인천광역시 미추홀구 한나루로586번길,https://www.work.go.kr/empInfo/empInfoSrch/detail/empDetailAuthView.do?searchInfoType=VALIDATION&callPage=detail&wantedAuthNo=KF11102011250003&rtnTarget=list1
반송고촌 4등급 어르신 돌봄,"시급 | 10,810원 이상",시간 | (장기),09:00 ~ 12:00,"담당업무 :  반송 고촌LH아파트 4등급 여자 어르신 돌봄 가사 및 청소, 정리정돈 등 주5회 09:00~12:00 *시간협의 시급 10,810원 *지원가능자 채...",경력무관 | 학력무관 | 부산광역시 기장군 철마면,https://www.work.go.kr/empInfo/empInfoSrch/detail/empDetailAuthView.do?searchInfoType=VALIDATION&callPage=detail&wantedAuthNo=KF10912011250005&rtnTarget=list2
재가요양보호사 구인,"시급 | 11,000원 이상",시간 | (장기),18:00 ~ 21:00,"담당업무 :  [연산동 웰메이드] - 4등급 남자어르신 (독거) - 18시~21시 주5일 - 가사지원,일상생활지원 희망 - 시급 11,000원 (최저시급 +주휴수...",신입 | 학력무관 | 부산광역시 연제구 거제천로230번길,https://www.work.go.kr/empInfo/empInfoSrch/detail/empDetailAuthView.do?searchInfoType=VALIDATION&callPage=detail&wantedAuthNo=KF10912011250004&rtnTarget=list3
[영통동]치매 5등급 오후 재가요양보호사 모집,"시급 | 10,800원 ~ 10,800원",시간 | (장기),16:00 ~ 19:00,"담당업무 :  * 방문요양 및 방문목욕서비스, 주간보호서비스 - 치매 5등급 할머니 케어, 거동 가능 - 주 5일 근무[ (월~금요일) 16:00~19:00 ] -...",경력무관 | 학력무관 | 경기도 수원시 영통구,https://www.work.go.kr/empInfo/empInfoSrch/detail/empDetailAuthView.do?searchInfoType=VALIDATION&callPage=detail&wantedAuthNo=KJKN002011250009&rtnTarget=list4
재가 요양보호사 구인,"시급 | 10,800원 ~ 10,800원",시간 | (장기),10:00 ~ 13:30,"담당업무 :  -대상자:2등급여자어르신(아들과거주) -근무지:용현동미추홀LH아파트 -근무시간:오전10시~오후1시30분(주5일) -급여:10,800원 *와상,...",경력무관 | 학력무관 | 인천광역시 미추홀구 낙섬동로,https://www.work.go.kr/empInfo/empInfoSrch/detail/empDetailAuthView.do?searchInfoType=VALIDATION&callPage=detail&wantedAuthNo=KF11102011250002&rtnTarget=list5
[대청동] 요양보호사채용:급구,"시급 | 10,850원 이상",정규 | 주6일,,담당업무 :  -대청동 빌라 거주함 -2등급 할아버지 -08:00~12:00 (4시간) & 15:30~18:00 (2시간30분) /주6일/시간변경 가능함 -시급1085...,경력 | 학력무관 | 부산광역시 중구 망양로332번길,https://www.work.go.kr/empInfo/empInfoSrch/detail/empDetailAuthView.do?searchInfoType=VALIDATION&callPage=detail&wantedAuthNo=KF10912011250003&rtnTarget=list6
[좌천동] 재가요양보호사 모집,"시급 | 11,000원 이상",시간 | (장기),09:00 ~ 12:00,"담당업무 :  * 4등급 할머니(독거) * 가사 및 일상생활지원 * 강아지 1마리 있음 * 월24회, 09:00~12:00, 시급11000원 * 채용담당자: 010...",경력무관 | 학력무관 | 부산광역시 동구 증산동로,https://www.work.go.kr/empInfo/empInfoSrch/detail/empDetailAuthView.do?searchInfoType=VALIDATION&callPage=detail&wantedAuthNo=KF10912011250001&rtnTarget=list7
[좌동]1등급 재가요양보호사 구인,"시급 | 11,500원 ~ 11,500원",시간 | (장기),11:00 ~ 14:00,"담당업무 :  [좌동 대림2차]재가요양보호사 구인 - 근 무 지 : 좌동 대림2차 아파트 - 1등급 할머니(거동가능:워커사용) - 신체활동지원,청결,식사...",경력무관 | 학력무관 | 부산광역시 해운대구 대천로103번길,https://www.work.go.kr/empInfo/empInfoSrch/detail/empDetailAuthView.do?searchInfoType=VALIDATION&callPage=detail&wantedAuthNo=KJBQ002011250001&rtnTarget=list8
요양보호사 구합니다.,월급 | 180만원 이상,비정규 | 주5일,09:00 ~ 18:00,"담당업무 :  요양보호사 [보건>의료기술지원>요양지원] 사고예방지원 대상자 관찰하기,상황별 보고하기,주변상황 관찰하기 [보건>의료기...",경력무관 | 학력무관 | 경상남도 밀양시 상동면,https://www.work.go.kr/empInfo/empInfoSrch/detail/empDetailAuthView.do?searchInfoType=VALIDATION&callPage=detail&wantedAuthNo=K131322011250001&rtnTarget=list9
서초구 양재동 5등급 재가요양보호사 모집,"시급 | 11,000원 ~ 11,000원",시간 | (장기),09:30 ~ 12:00,"담당업무 :  *70세 남자분 * 가사 및 일상생활지원 *주6일 오전(월~토, 09시 30분~12시) 시간 조정 가능함 *11,000원 *기타: 인지교육수당 별도 ...",경력무관 | 학력무관 | 서울특별시 서초구 논현로5길,https://www.work.go.kr/empInfo/empInfoSrch/detail/empDetailAuthView.do?searchInfoType=VALIDATION&callPage=detail&wantedAuthNo=K150112011240046&rtnTarget=list10
