"제품 생산, 자재 관리 등 제조업무를 담당하실 직원분을 모십니다.","연봉 | 2,400만원 ~ 2,400만원",정규 | 주5일,09:30 ~ 18:30,"담당업무 :  안녕하세요? 프라모델용 작업용품 수납시스템을 제조하여 수출하고 있는 ""(주) 아티스테이션"" 입니다. (https://www.art...",경력무관 | 학력무관 | 경기도 하남시 조정대로
MCT 초보자 구합니다.,월급 | 200만원 ~ 250만원,정규 | 주5일,,담당업무 :  MCT 생산 업무입니다.,경력무관 | 학력무관 | 경기도 시흥시 수인로3077번길
자동차부품 관련 생산직 구인,월급 | 179만원 ~ 200만원,비정규 | 주5일,08:30 ~ 17:30,담당업무 :  자동차 부품 주조관련 제품 분리작업원 구인 주조분야 경력자 희망 (신체 건강한분) 010-9573-7339 이형노 대표님,경력1년 | 학력무관 | 인천광역시 남동구 남동대로
기관 반장구인,월급 | 268만원 ~ 275만원,비정규 | 격일,,담당업무 :  아파트 기관실 보일러 운전(보일러 취급기능사 소지자 및 소방보조자선임) 등,경력3년 | 고졸 | ~ 대졸(4년) 경기도
프레스 기능공,"일급 | 75,000원 이상",정규 | 주5일,,담당업무 :  프레스 가공 담당자,경력5년 | 학력무관 | 경기도 의왕시 고래들길
프레스금형 조립원 모집,"시급 | 9,000원 이상",정규 | 주5일,,담당업무 :  프레스 금형 제작 업체임. 동종 업계 근무자 우대. 경력에 따라 급여 조정,경력5년 | 고졸 | ~ 대졸(4년) 경상남도
[선미식품] 공무부 사원 모집,"연봉 | 3,600만원 ~ 4,200만원",정규 | 주5일,,담당업무 :  공무부 모집 - 자동로타리포장기 관리 - 기계 설비 유지 보수 업무 - 배관용접 등 **실업급여 수급목적을 위한 이력서 접수하지 말아...,경력5년 | 학력무관 | 경기도 파주시 조리읍
[음성 금왕](주)리드테크 용기연마작업 현장 근로자 모집,"연봉 | 3,000만원 ~ 3,500만원",정규 | 주5일,09:00 ~ 18:00,"담당업무 :  ■ 모집 : 현장근로자 채용 ■ 업무 : 용기연마작업(기계조작) ■ 근무 : 주5일(09:00~18:00) ■ 급여 : 연3,000~3,500만 정도...",경력무관 | 학력무관 | 충청북도 음성군 금왕읍
"산업 자동화 기계  제관공, 및 조립자  모집합니다.","연봉 | 3,000만원 ~ 4,500만원",정규 | 주6일,,담당업무 :  제관 및 산업기계설비조립 1) 도면해독가능자 2) 경력자 우대,경력2년 | 학력무관 | 경상북도 칠곡군 지천면
[신입/경력] 고압가스 제조 분석,"연봉 | 3,000만원 ~ 6,000만원",정규 | 주5일,08:00 ~ 17:00,"담당업무 :  고압가스 제조 분석 신입/경력 사원 가스, 환경, 배관 등 가스관련 자격증 소지자 우대 여주시 거주자 우대(원거리 거주장중 희망자 ...",경력무관 | 고졸 | ~ 대졸(4년) 경기도
[충주/주5일/자차필/간단한업무] 자동차 부분 흡집제거(페인트작업)직원모집,월급 | 250만원 ~ 350만원,정규 | 주5일,08:30 ~ 17:30,담당업무 :  자동차 완성품 외관 페이트작업 완성차 흡집제거 및 미세 페인트 칠 작업 *자격조건* 자동차 미세페인트 작업 경력자 및 가능자 특근 ...,경력 | 학력무관 | 충청북도 충주시 대소원면
도금 생산보조 및 포장원 모집,"시급 | 8,590원 이상",정규 | 주5일,,담당업무 :  도금 생산라인에서 보조 작업 및 포장,경력무관 | 학력무관 | 인천광역시 남동구 함박뫼로377번길
조경시설물 설치납품 공개채용,월급 | 179만원 이상,비정규 | 주5일,,담당업무 :  *업무내용 -본사 비품 지원 시 비품 확인 및 공구 확인 (공동사용 공구와 비품은 대여식으로 지급) -자재 출고 후 설치장소에 납품 (...,경력무관 | 학력무관 | 경기도 남양주시 진접읍
(자동차부품)생산직 모집,"시급 | 8,590원 이상",정규 | 주5일,,담당업무 :  - 모집분야: 자동차부품 조립 및 생산 업무,경력무관 | 학력무관 | 경상남도 함안군 군북면
생산직 정규직원 채용 (자동차 카핏 단순 조립),"시급 | 8,680원 ~ 8,680원",정규 | 주5일,,담당업무 :  IP카핏 단순조립 (차량 계기판) 2교대 근무 학력 및 경력 무관 [우대 조건] - 유관 업무 경력자 - 인근 거주자 - 즉시 출근 가능자 - ...,경력무관 | 학력무관 | 인천광역시 부평구 부평대로297번길
공장생산직,"시급 | 8,590원 이상",정규 | 주6일,08:00 ~ 17:00,"담당업무 :  유리재단,유리제품가공 재활용품처리",경력무관 | 학력무관 | 충청북도 청주시 서원구
시설관리(설비기사/호텔 경력/3교대)몬드리안 이태원 호텔,"연봉 | 2,750만원 ~ 2,860만원",정규 | 주5일,08:30 ~ 17:30,"담당업무 :  - 빌딩, 호텔 등에서 시설관리(설비)2년이상 경험자 - 자격증 우대 : 설비 관련 자격증 - 근무조건 : 3교대 근무 (주주야야비휴-3인3...",경력2년 | 고졸 | 서울특별시 용산구 장문로
빔가공 기계조작원(오퍼레이터) 구인,월급 | 270만원 이상,정규 | 주6일,08:00 ~ 18:00,"담당업무 :  빔가공기계조작원, 전기관련 경력자 우대,",경력무관 | 학력무관 | 울산광역시 울주군 서생면
용접가능하고 엘리베이터 설치 가능하신 분 모집합니다.,월급 | 200만원 이상,정규 | 주5일,08:00 ~ 17:00,담당업무 :  간단한 용접이 가능하며 엘리베이터 현장 설치 가능하신분,경력2년 | 학력무관 | 경기도 시흥시 협력로
자동화 기계조립 사원모집,"연봉 | 2,800만원 이상",정규 | 주5일,08:30 ~ 17:30,담당업무 :  자동화 및 전용기계 조립 및 설치 시운전 경력 소지자,경력3년 | 학력무관 | 대구광역시 서구 가르뱅이로21길
금속가공 /생산직원 모집,월급 | 200만원 ~ 250만원,정규 | 주5일,,"담당업무 :  금속 사상 및 단순 생산 보조, 절곡 보조 이력서를 메일보내시면 면접일 통보합니다. 급여 협의",경력무관 | 학력무관 | 인천광역시 남동구 남동대로155번길
CO2 용접원 모집,"연봉 | 2,844만원 이상",정규 | 주5일,,"담당업무 :  - 현장내 CO2 수동용접원 - 업무의 특성상 손으로 운반하며 작업 - 용접원 연봉 2,844만원(퇴직금 연월차 별도) - 수습 3개월(90% 지...",경력무관 | 학력무관 | 인천광역시 남동구 남동서로221번길
자동차 부품 도장 생산인원(배합) 모집,"시급 | 8,590원 ~ 8,590원",정규 | 주5일,08:00 ~ 20:00,담당업무 :  * 도장 생산작업자 - 자동차 부품도장 업체(아웃사이드 핸들) - 부스 내 도장(배합) 작업자 - 도장 로봇 자동화라인 - 주야 2교대 - ...,경력무관 | 학력무관 | 충청북도 진천군 문백면
생산직 사원 채용,"시급 | 8,590원 이상",정규 | 주5일,08:00 ~ 17:00,담당업무 :  - 파이프 제조 생산직 사원 채용 - 직무: 파이프 생산기계 조작 및 부수 업무 근무시간: 주간 (오전08:00~오후17:00) 정규근로시간 외...,경력무관 | 학력무관 | 충청북도 옥천군 옥천읍
도장원 구인,"시급 | 8,590원 이상",정규 | 주5일,,담당업무 :  완제품 도장원 ■ 워크넷 미가입자는 회원가입 후 로그인 - 구직신청 - 사업장 선택 - 워크넷 입사지원 바랍니다.,경력무관 | 학력무관 | 경상남도 진주시 정촌면
자동화장비 제작,"연봉 | 2,500만원 ~ 4,000만원",정규 | 주5일,08:30 ~ 17:30,"담당업무 :  LCD , OLED 물류 장비 제작 [기계조립·관리>기계조립>기계수동조립] 조립도면해독 부풉도 파악하기,조립도 파악하기",경력무관 | 학력무관 | 충청남도 아산시 둔포면
공업기계 설비유지 및 정비,월급 | 250만원 ~ 250만원,비정규 | 주5일,08:00 ~ 17:00,담당업무 :  공업/ 식품 기계 설치 및 정비(유지보수) 공업고등학교 기계과 졸업자는 초보가능,경력무관 | 학력무관 | 경기도 포천시 화현면
금속가공 생산직원 모집 (세정.검사.포장등) - 기숙사제공,월급 | 179만원 ~ 225만원,비정규 | 주5일,08:00 ~ 17:00,담당업무 :  1. STAINLESS PIPE & FITTINGS 생산라인에서 세정 2. 클린룸에서 검사.포장 등,경력무관 | 학력무관 | 경기도 화성시 팔탄면
제조 단순생산직 사원모집,월급 | 250만원 이상,정규 | 주5일,,"담당업무 :  결속선, 플랫타이 생산, 포장업무 지게차운전자 우대",경력무관 | 학력무관 | 경기도 화성시 마도면
기계조립 사원 모집,"연봉 | 2,800만원 이상",정규 | 주5일,09:00 ~ 18:00,"담당업무 :  - 특장차 기계,장비 조립 업무 - 연장근로 있을 수 있음",경력5년 | 학력무관 | 충청북도 청주시 흥덕구
테라스가든 영선과장,월급 | 245만원 이상,비정규 | 주5일,07:00 ~ 07:00,"담당업무 :  주차빌딩 영선과장 채용 [장애인우대] _ (필수) 2급 소방안전관리자, 가스사용안전관리자 등 자격 - (근무형태) 2교대 격일(07:00~익...",경력1년 | 학력무관 | 경기도 수원시 영통구
포장재(비닐 등) 실링작업 하실 분을 모십니다.,월급 | 200만원 이상,정규 | 주5일,,"담당업무 :  30cm 정도의 열 집게로 은박, 비닐 원단을 사이즈에 맞게 재단 후 실링하는 작업입니다. 2인 1조로 작업을 합니다. 일을 처음엔 배우...",경력무관 | 학력무관 | 경기도 고양시 일산서구
CNC선반조작원 모집,월급 | 300만원 이상,정규 | 주6일,08:30 ~ 20:00,"담당업무 :  * 기계부품 가공, CNC선반조작업무 * 경력 3년이상 * 근무시간 : 08:30~20:00(수요일/08:30~17:30) * 토요일 격주 휴무",경력무관 | 학력무관 | 부산광역시 사상구 모덕로96번길
머시닝센터(MCT) 조작원 모집,월급 | 230만원 이상,정규 | 주5일,,"담당업무 :  금형부품가공(MCT) 업무 정시 출근,정시퇴근, 연장 또는 휴일 근로시 수당 별도지급",경력3년 | 학력무관 | 대구광역시 북구 노원로1길
현대모비스 창원공장 현장 촉탁계약직 모집,"연봉 | 3,200만원 이상",비정규 | 주5일,,담당업무 :  1. 제품 파렛트 세척 2. BNA이적 3. 기어박스 이적 ※ 계약기간: 6개월 단위 계약 갱신 (최대 2년),경력무관 | 학력무관 | 경상남도 창원시 성산구
옥수동 공공기관 사옥 주간 주 5일제 전기기사 모집,월급 | 280만원 이상,비정규 | 주5일,09:00 ~ 18:00,담당업무 :  옥수동 공공기관 사옥 주간 주 5일제 시설관리원 모집 1. 모집인원 : 2명 2. 지원자격 : 전기기사 자격증 소지자 3. 업무형태 : 09:00...,경력3년 | 학력무관 | 서울특별시 성동구 독서당로
냉동기관리 및 공무에서 설비유지보수 업무할 공조냉동기계기능사 채용,"시급 | 9,100원 이상",정규 | 주5일,,담당업무 :  냉동기관리 및 공무에서 설비유지보수 업무,경력무관 | 고졸 | 인천광역시 남동구 남동서로
벽돌가공 단순생산직 구인,"시급 | 10,000원 이상",정규 | 주6일,08:00 ~ 17:00,담당업무 :  인테리어용 벽돌가공 단순작업,경력무관 | 학력무관 | 경기도 화성시 양감면
사출금형 사상조립기사 구합니다,"연봉 | 3,500만원 ~ 5,000만원",정규 | 주6일,,"담당업무 :  1. 플라스틱 사출금형 사상경력자 -. 프라스틱 사출금형 사상 20년 이상 경력자 -. 자동차부품, 파칭코등 일본금형 경력자 우대 사상 ...",경력20년 | 고졸 | 경기도 부천시 산업로8번길
대형선박 기계 설치원 모집,"시급 | 9,000원 이상",정규 | 주6일,08:00 ~ 18:00,담당업무 :  업무 내용: 1. 대형 선박에 들어가는 기계 장치 설치 업무 2. 대형 선박 기계 숙련공 환영 ( 기본용접과 기계설치 가능자 ) 3. 1년 이...,경력무관 | 학력무관 | 전라남도 영암군 삼호읍
[삼성전자 평택고덕캠퍼스 협력업체]- 설비 점검 및 소보수 사원모집,"연봉 | 2,300만원 ~ 3,600만원",비정규 | 주5일,08:00 ~ 17:00,담당업무 :  *삼성전자 평택고덕캠퍼스 1차 협력업체 *건축 소보수/설비 소보수 및 점검 *특이사항 발생시 근무시간 외 잔업 및 특근 유동적 *인센...,경력무관 | 학력무관 | 경기도 평택시 고덕면
"해성정밀 생산사원 모집 (CNC, MCT 가공)","시급 | 8,590원 ~ 8,590원",정규 | 주6일,,"담당업무 :  [기계가공>절삭가공>밀링가공] 기본 작업(밀링가공) 검사 · 수정하기,본가공 수행하기,작업 준비하기 [기계가공>절삭가공&g...",경력무관 | 고졸 | ~ 대졸(2~3년) 부산광역시
유리 제조 생산직원 채용,"시급 | 8,590원 이상",정규 | 주5일,,담당업무 :  건축용 유리 가공기계 조작원을 모집합니다. 정년 60세 이고 정년이후에도 계약연장해서 계속근무 가능합니다.,경력무관 | 학력무관 | 전라북도 군산시 외항6길
사상공모집 합니다,"연봉 | 2,800만원 ~ 3,000만원",정규 | 주6일,,담당업무 :  사상.조립외 기타작업,경력무관 | 학력무관 | 경상남도 김해시 한림면
울타리 생산직 용접가능자 정규직원 모집,"연봉 | 2,400만원 ~ 3,000만원",정규 | 주5일,08:30 ~ 17:30,담당업무 :  용접 주주 절단 외 울타리 생산 업무,경력무관 | 학력무관 | 경기도 파주시 덕이로292번길
A4생산라인 기계조작 직원 모집,월급 | 200만원 ~ 230만원,정규 | 주5일,09:00 ~ 18:00,"담당업무 :  - 주요업무 : A4생산라인 기계조작, 포터 및 지게차 운전가능자",경력무관 | 학력무관 | 경상남도 거제시 용소1길
기계조립 및 단순조립직 구인,월급 | 190만원 이상,정규 | 주5일,08:30 ~ 17:30,"담당업무 :  당사는 약국에서 사용하는 조제기계의 조립원을 구인합니다. 조제기계는 실링기, 분쇄기, 반자동포장기등이 있으며 조립의 경력이 있...",경력2년 | 학력무관 | 서울특별시 영등포구 도림로53길
"산업기계 제작 (판넬시공, 경량철골 제관, 용접) 직원 모집합니다.","연봉 | 2,800만원 이상",정규 | 주5일,,"담당업무 :  자동차 도장부스 제조 제관, 용접, 조립 업무를 진행할 생산직 직원을 채용합니다. 각파이프를 이용한 경량철골 구조물 및 산업기계 ...",경력무관 | 학력무관 | 경상남도 밀양시 삼랑진읍
자동차 부품 가공 단순생산직 구인,"시급 | 8,600원 ~ 8,600원",정규 | 주5일,,담당업무 :  자동차 부품 변속기 기어 가공 *근무시간 : 오전 8시 30분~오후 5시 30분 (잔업 시 오후 8시) -토요일 오전 8시 30분~오후 5시 30분 ...,경력무관 | 고졸 | ~ 대졸(4년) 울산광역시
"단순 생산직(판금,도장) 사원 모집합니다",월급 | 195만원 이상,정규 | 주5일,08:30 ~ 17:30,"담당업무 :  판금, 도장 관련 생산 업무",경력무관 | 학력무관 | 경기도 화성시 마도면
현장 생산직 공무 인원 구인합니다.,월급 | 220만원 이상,정규 | 주5일,08:30 ~ 17:30,"담당업무 :  공장 내 공무 업무(기계, 전기, 배관 등등 유지 보수 업무)",경력5년 | 학력무관 | 경기도 화성시 마도면
머시닝센터 운용기사 경력자 모집,"연봉 | 2,500만원 ~ 3,000만원",정규 | 주5일,,"담당업무 :  머시닝센터 운용기사 신입1명, 경력 1명",경력무관 | 학력무관 | 경기도 화성시 팔탄면
분체 도장 라인 경력자 구인 합니다.,월급 | 230만원 이상,정규 | 주5일,08:30 ~ 17:30,담당업무 :  분체 도장 경력자 - 도장 라인 기계 조작 및 분체 토출 작업,경력4년 | 학력무관 | 경기도 화성시 마도면
자동화 설비 기계조립(신입/경력),월급 | 200만원 ~ 400만원,정규 | 주5일,,"담당업무 :  자동화 설비 설치 및 PM/ 기계 조립, 시운전",경력3년 | 학력무관 | 대구광역시 달서구 달구벌대로226길
지산개발[진천] - PC건설현장 출하부분 모집,"시급 | 10,000원 이상",정규 | 주6일,08:00 ~ 18:00,담당업무 :  **지산개발[진천] PC건설현장 출하부분 모집** [남성 우대] ▶ 직무내용 : 출하 부분 상차원 모집 ▶ 근무시간 : 08:00~18:00 /휴게...,경력3년 | 학력무관 | 충청북도 진천군 문백면
설비 배관 용접 펌프수리,월급 | 200만원 ~ 350만원,정규 | 주5일,08:30 ~ 18:00,담당업무 :  - 펌프 서비스 엔지니어 및 판매 - 펌프 설치 및 해체 - 펌프 배관 교체작업 (용접 포함) - 서비스 이력 전산입력 *경남/창원/김해등 ...,경력5년 | 학력무관 | 경상남도 김해시 생림면
프레스 유경험자 사원 모집,월급 | 200만원 이상,정규 | 주5일,08:30 ~ 17:30,담당업무 :  - 프레스기 유경험자 모집합니다. - 근무시간 :(월~금) 08:30~17:30 - 기본급 : 상의 후 결정 - 배수용품(유가 .트랜치) 제작,경력3년 | 학력무관 | 대구광역시 북구 침산로67길
제조단순근로자,"시급 | 8,590원 ~ 8,590원",정규 | 주5일,09:00 ~ 18:00,"담당업무 :  현장내조립확인,포장,적재",경력무관 | 중졸 | ~ 고졸 경기도
대영컨테이너 용접원 모집,"일급 | 150,000원 ~ 150,000원",정규 | 주5일,08:00 ~ 18:00,"담당업무 :  대영컨테이너 용접원 모집 1. 주요 업무 내용 : 스틸하우스 용접 2. 근무기간 : 정규직 3. 급여 : 일급 150,000원 (면접 후 결정) 4....",경력무관 | 학력무관 | 경상북도 성주군 성주읍
대기업 물류 센터 1톤 택배차량 타이어 및 배터리 순회 정비,"연봉 | 3,000만원 이상",정규 | 주5일,07:00 ~ 16:00,담당업무 :  (주) 유원 코퍼레이션은 CJ대한통운 협력사로서 특장차 제작 판매 및 타이어 유통 / 타이어 순회정비(타이어 플러스 런칭 / 2020.9 ) ...,신입 | 학력무관 | 경기도 평택시 안중읍
주물공장 생산직(주조/주물/검사) 모집,"일급 | 68,720원 ~ 80,000원",비정규 | 주5일,,"담당업무 :  [구인내용] (주)진흥주물은 자동차, 철도차량 및 건설기계용 고품질 주물소재를 생산하는 전문기업입니다. *업무: 주물공장 생산 업무...",경력무관 | 학력무관 | 인천광역시 서구 원전로
포장부 생산직 구합니다.,월급 | 220만원 이상,정규 | 주6일,,담당업무 :  적벽돌 생산업체로서 제품선별 및 파렛트 적재 포장 업무.,경력무관 | 학력무관 | 충청남도 홍성군 장곡면
전기기사.전기산업기사 구인,월급 | 150만원 ~ 400만원,시간 | (장기),09:30 ~ 17:30,담당업무 :  전기기사.전기산업기사 자격 보유자로 전기안전관리자로 근무 . 주1일근무 부터 주5일 근무 가능 근무시간 및 근무요일 조정가능,경력무관 | 학력무관 | 충청북도 영동군 영동읍
스포츠센터 기전실 직원 채용,월급 | 200만원 이상,정규 | 주6일,,담당업무 :  * 의정부 금오동 스포츠센터 * 근무시간 : 04:00~10:00/10:00~22:00 *월200만원,경력무관 | 학력무관 | 경기도 의정부시 부용로
표면처리(도금작업)직원모집,월급 | 180만원 이상,정규 | 주5일,,"담당업무 :  표면처리직원모집힙니다. -알루미늄 제품으로 다양한 크기 -알루미늄 제품을 락크에 걸고, 수동으로 도금 표면처리 -나이 상관없고 성...",경력무관 | 학력무관 | 인천광역시 남동구 승기천로
생산 및 생산기술직(용접기 제조 및 수리 등),"연봉 | 2,400만원 ~ 2,500만원",정규 | 주5일,09:00 ~ 18:00,담당업무 :  - 용접기제조 수리 및 운반 - 현장관리 및 청소 - 자재관리,경력무관 | 학력무관 | 부산광역시 강서구 미음국제5로마길
도장기수(스프레이),월급 | 300만원 ~ 350만원,정규 | 주5일,08:30 ~ 20:30,담당업무 :  도장스프레이 기수 (페인트 에어 분사작업),경력무관 | 학력무관 | 충청북도 진천군 문백면
기계제도가능 실무담당 공장장 모집,"연봉 | 3,300만원 ~ 6,000만원",정규 | 주5일,,담당업무 :  기계제관 생산현장관리 (공장장급) 업무 - 공정관리 - 기계가공 및 제작 - 용접/제관/CNC - 현장관리,경력10년 | 학력무관 | 경기도 화성시 팔탄면
생산직(금형1차가공)-밀링,월급 | 250만원 ~ 280만원,정규 | 주6일,,"담당업무 :  * 금형 1차 가공원(밀링가공) 모집 - S45C, SS400, D-11 1차 밀링가공 - 경력자우대(가공분야) - 급여는 경력에 따라 면접 시 협의...",경력1년 | 학력무관 | 경기도 시흥시 공단2대로
전기공사 현장기술자(신축1년이상) 채용(정규직),월급 | 250만원 ~ 330만원,정규 | 주6일,,"담당업무 :  서울 및 서울인근 수도권 지역 신축공사 현장시공업무 주택,상업용건물 벽체및 슬라브 시공경험 1년이상 경력자 전기관련 자격증 보유...",경력1년 | 학력무관 | 서울특별시 강동구 고덕로
자동차부품조립 서열 인원 모집(시니어/장년층 가능),"시급 | 11,000원 ~ 11,000원",비정규 | 주5일,,담당업무 :  기간제 자동차 부품 서열 인원 모집(시니어/장년층 가능) *계약 기간안내* -회사내부사정에 따라 변경될수 있습니다 - 1년 이내로 상...,경력무관 | 학력무관 | 울산광역시 북구 모듈화산업로
공무직 담당자를 모집합니다.,월급 | 300만원 ~ 350만원,정규 | 주5일,08:00 ~ 18:00,"담당업무 :  1. 전기 선임 가능자(2,010Kw 이상) 2. 공장 내 설비(기계장치) 및 일반(전기) 관리 및 보수",경력10년 | 고졸 | ~ 대졸(4년) 경기도
제조 단순 생산직 직원 모집_도장 부문 10명 (급구_신입/경력 무관),"연봉 | 2,700만원 이상",정규 | 주5일,08:00 ~ 19:00,담당업무 :  판넬 도장 분무 작업,경력무관 | 학력무관 | 경기도 여주시 여양로
"기계식주차기 및 승강기 유지보수 직원모집 / 주차기 기계,전기 설치공사 경력자 우대","연봉 | 2,400만원 ~ 4,000만원",정규 | 주5일,09:00 ~ 18:00,담당업무 :  기계식주차기 및 승강기 정기점검 및 고장 수리 업무로 -승강기 기능사 이상 또는 승강기 자체검사자 수료자 또는 전기 전자 기계 기...,경력무관 | 학력무관 | 서울특별시 마포구 독막로
단시간 근무자,월급 | 180만원 ~ 200만원,시간 | (장기),10:00 ~ 17:00,"담당업무 :  현장 정리정돈, 와이어가공 보조작업.납품",경력무관 | 학력무관 | 광주광역시 광산구 하남산단8번로
기간제 자동차부품 서열 인원 모집(시니어/장년층 가능),"시급 | 11,000원 ~ 11,000원",비정규 | 주5일,,담당업무 :  기간제 자동차부품 서열 인원 모집 (시니어/장년층 가능) *계약 기간안내* -회사 내부 사정에 따라 변경될 수 있습니다. -1년 이내로 ...,경력무관 | 학력무관 | 울산광역시 북구 모듈화산업로
컨테이너  제조 일반 단순 생산직 사원 모집,월급 | 200만원 ~ 250만원,비정규 | 주6일,08:00 ~ 17:00,"담당업무 :  *업무는 컨테이너 페인트 도색 입니다. 신입.경력 무관하니 많은 지원 바랍니다. - 입사 후 1개월간 수습기간이 있으며, 수습기간에는...",경력무관 | 학력무관 | 경기도 화성시 팔탄면
용접사상원 및 보조원 모집,"시급 | 8,590원 이상",정규 | 주5일,08:30 ~ 17:30,"담당업무 :  용접 사상원 및 보조원 모집사항입니다. 용접 보조 및 용접 후 제품의 사상공 모집합니다 (주업부 : 용접 보조, 사상) 오전 8시30분부...",경력무관 | 학력무관 | 충청남도 아산시 음봉면
용접공 모집,"연봉 | 3,000만원 이상",정규 | 주5일,,"담당업무 :  알곤용접, 용접보조, 사상 -제시된 임금은 월,화,목,금 연장 수당 포함임",경력무관 | 학력무관 | 인천광역시 남동구 논곡로
"단순프레스 작업가족구합니다  경력자우대,초보자가능,숙소운영중,통근차량운영중,자차운영자환영","시급 | 8,590원 ~ 8,590원",정규 | 주5일,08:30 ~ 17:30,담당업무 :  단순프레스 작업조작,경력무관 | 학력무관 | 경상남도 양산시 소노길
생산직 정규직원 채용,"시급 | 9,570원 ~ 9,570원",정규 | 주5일,08:30 ~ 17:30,담당업무 :  * 자동차용 배기 파이프(ALCOT-PIPE) 생산 * 자동차 부품 제조업 생산 경력자 우대 *자동화 라인으로 포장 파트外 생산업무,신입 | 고졸 | ~ 대졸(2~3년) 전라북도
cnc 공작기계 조작원,"시급 | 8,590원 ~ 8,590원",정규 | 주6일,08:00 ~ 17:00,담당업무 :  cnc 선반조작원 mct 기계조작원 경력 무관하며 단순노무직입니다.,경력무관 | 학력무관 | 경상남도 진주시 솔밭로44번길
시설관리기사 모집,월급 | 217만원 ~ 217만원,정규 | 격일,,담당업무 :  -근무지: 중랑차고지 시설관리원 [보일러 자격증 필수/가스관련자격증 우대] -조 건: 격일근무/월217(복지카드소지자 우대),경력무관 | 학력무관 | 서울특별시 중랑구 신내역로
생산직 경력사원모집,"시급 | 9,000원 이상",정규 | 주5일,08:00 ~ 19:00,"담당업무 :  전선 압출(절연,시즈) 전선연합 지게차 운전가능",경력2년 | 학력무관 | 충청북도 음성군 생극면
"(월 225만, 주5일) 경기 광주 오포읍 매산리 소재 브라인더 생산,조립 직원 채용",월급 | 225만원 ~ 225만원,비정규 | 주5일,09:00 ~ 18:00,"담당업무 :  ■ 근무형태: 계약직(근무기간 협의) 계약기간: ~2020년12월31일 ■ 근무시간: 주5일 09시~18시(토,일,공휴일 휴무) 휴게 1H ■ 급 여...",경력무관 | 학력무관 | 경기도 광주시 오포읍
생산보조원 모집(금속공작기계조작보조원),월급 | 215만원 이상,정규 | 주5일,,"담당업무 :  연마기, 범용밀링기 보조 업무 및 조작원. 사상원",경력무관 | 학력무관 | 경기도 안산시 상록구
★닭고기생산업체 공무팀장 모집,월급 | 300만원 ~ 300만원,정규 | 주6일,,"담당업무 :  (주)풀토래 닭고기생산업체 / 공무모집 (현장기계, 전기,공조냉동기계기사, 기능사소지자) 해당자는 이력서 준비하셔서 지원하시기 바...",경력5년 | 학력무관 | 대구광역시 서구 와룡로73길
[가산동] 대륭자동차 공업사 자동차정비 기능사 모집,월급 | 250만원 이상,정규 | 주5일,,"담당업무 :  [가산동] 대륭자동차공업사 자동차 정비 기능사 : 자동차 정비 경력 2년 이상, 자동차정비 기능사 자격증 소지자 - 근무시간 : 주 5일...",경력2년 | 학력무관 | 서울특별시 금천구 가산디지털2로
"[서산테크노밸리] 대원, 자동차부품 서열",월급 | 220만원 이상,정규 | 주5일,,"담당업무 :  당사는 동희오토에 자동차부품을 납품하는 업체로써, 당사 제품(카펫트)의 서열 업무를 담당하실 분을 모집하고 있습니다. 모집분야: ...",경력무관 | 학력무관 | 충청남도 서산시 성연면
자동차부품 생산직 모집(광주광역시),"일급 | 68,720원 ~ 68,720원",비정규 | 주5일,07:00 ~ 18:30,담당업무 :  직무: 냉간단조 기계(FORMER M/C) 오퍼레이터 고용형태: 인턴 3개월(계약직) 후 정규직 전환(인턴기간 정규직과 급여 동일함) 근무시...,경력무관 | 고졸 | ~ 대졸(2~3년) 광주광역시
N/C(MCT)기사 구합니다,"연봉 | 4,000만원 이상",정규 | 주5일,08:30 ~ 18:00,"담당업무 :  플라스틱 사출금형을 제작하는 회사입니다. CNC 머시닝센터 담당하실분을 찾습니다. (두산5.6호기, 화천 8.5호, VESTA1000) 흑연가공...",경력10년 | 학력무관 | 경기도 부천시 산업로8번길
"형틀 청소, 조립, 콘크리트 타설","시급 | 8,590원 이상",정규 | 주5일,08:00 ~ 18:30,"담당업무 :  형틀 청소, 조립, 콘크리트 타설",경력무관 | 학력무관 | 경상북도 칠곡군 북삼읍
주조 공장 생산직 사원 모집,"시급 | 8,590원 ~ 10,000원",정규 | 주5일,,"담당업무 :  조형, 합형, 중자조형,몰딩조형 등 기타 주조업무",경력무관 | 학력무관 | 전라북도 군산시 외항로
우리은행 의정부지점 건물 시설관리인 모집,월급 | 215만원 ~ 215만원,비정규 | 주5일,08:00 ~ 17:30,담당업무 :  1. 보일러 가동 2. 소방안전관리 3. 가스안전관리 4. 건물 전체 관리 5. 기타 시설물관리,경력3년 | 학력무관 | 경기도 의정부시 시민로
자동차부품업체 원심주조 보조원,"시급 | 8,600원 이상",정규 | 주5일,,"담당업무 :  자동차부품 제조업체, 원심주조 보조원.",경력무관 | 학력무관 | 경기도 화성시 우정읍
자동차 도장 도색부 직원 구인,"연봉 | 2,200만원 이상",정규 | 주6일,,"담당업무 :  자동차 정비공장 도장, 도색부 직원채용",경력무관 | 학력무관 | 경상북도 안동시 경북대로
우리은행 대전금융센터 건물 시설관리인 모집,월급 | 215만원 ~ 215만원,비정규 | 주5일,08:00 ~ 17:30,담당업무 :  1. 보일러 가동 2. 소방안전관리 3. 가스안전관리 4. 건물 전체 관리 5. 기타 시설물관리,경력3년 | 학력무관 | 대전광역시 서구 문예로
우리은행 포항지점 건물 시설관리인 모집,월급 | 215만원 ~ 215만원,비정규 | 주5일,08:00 ~ 17:30,담당업무 :  1. 보일러 가동 2. 소방안전관리 3. 가스안전관리 4. 건물 전체 관리 5. 기타 시설물관리,경력3년 | 학력무관 | 경상북도 포항시 북구
우리은행 청주지점 건물 시설관리인 모집,월급 | 215만원 ~ 215만원,비정규 | 주5일,08:00 ~ 17:30,담당업무 :  1. 보일러 가동 2. 소방안전관리 3. 가스안전관리 4. 건물 전체 관리 5. 기타 시설물관리,경력3년 | 학력무관 | 충청북도 청주시 상당구
"(주)수성외장에서 절곡,보조 구합니다",월급 | 200만원 이상,정규 | 주5일,08:30 ~ 17:30,"담당업무 :  절곡기 운영,보조 마킹 보조",경력무관 | 학력무관 | 경기도 파주시 월롱면
버핑(빠우)작업자,"연봉 | 2,200만원 이상",정규 | 주5일,08:30 ~ 17:30,담당업무 :  금속버핑(빠우)유경험자 건강한 분 희망합니다.,경력무관 | 학력무관 | 경기도 화성시 남양읍
자동차 부품 생산직(직무: 프레스 가공) 구인,"연봉 | 3,200만원 ~ 3,300만원",비정규 | 주5일,,"담당업무 :  * 자동차부품 변속기레버, 파킹브레이크레버 등 결합되는 조립부속품을 프레스 가공하는 단순 반복적 형태의 작업-프레스(100톤~500톤...",경력무관 | 학력무관 | 경기도 안산시 단원구
우리은행 인천지점 건물 시설관리인 모집,월급 | 215만원 ~ 215만원,비정규 | 주5일,08:00 ~ 17:30,담당업무 :  1. 보일러 가동 2. 소방안전관리 3. 가스안전관리 4. 건물 전체 관리 5. 기타 시설물관리,경력3년 | 학력무관 | 인천광역시 중구 우현로
우리은행 수유동금융센터 시설관리인 모집,월급 | 215만원 ~ 215만원,비정규 | 주5일,08:00 ~ 17:30,담당업무 :  1. 보일러 가동 2. 가스안전관리 3. 소방안전관리 4. 건물 전체 관리,경력3년 | 학력무관 | 서울특별시 강북구 도봉로
우리은행 청구역지점 시설관리인 모집,월급 | 215만원 ~ 215만원,비정규 | 주5일,08:00 ~ 17:30,담당업무 :  1. 보일러 가동 2. 가스안전관리 3. 소방안전관리 4. 승강기안전관리 5. 건물 전체 관리,경력3년 | 학력무관 | 서울특별시 중구 다산로
우리은행 둔촌동지점 건물 시설관리인 모집,월급 | 215만원 ~ 215만원,비정규 | 주5일,08:00 ~ 17:30,담당업무 :  1. 보일러 가동 2. 소방안전관리 3. 가스안전관리 4. 건물 전체 관리,경력3년 | 학력무관 | 서울특별시 강동구 천호대로
"주물  용접, 사상 작업하실 사원분을  모집합니다.",월급 | 250만원 ~ 300만원,정규 | 주5일,,"담당업무 :  - 주 업무는 주물 용접, 사상을 하는 일입니다. 신입은 어려우실것 같구요, 용접이나 사상 일을 해보신 분을 구인합니다. - 급여는 25...",경력3년 | 학력무관 | 인천광역시 서구 장고개로
레이저(트럼프) 오퍼레이터 모집합니다.,"연봉 | 3,500만원 ~ 4,000만원",정규 | 주6일,,"담당업무 :  - 레이저오퍼레이터/트럼프레이저설비 자격요건 - 학력 : 무관 - 경력 : 경력 1년 이상, 또는 신입 - 성별 : 무관 - 모집인원 : 2명 -...",경력무관 | 학력무관 | 경기도 시흥시 엠티브이25로58번길
(채용대행) 자동차부품 선별 검사원 모집,"시급 | 8,590원 ~ 8,590원",정규 | 주5일,08:00 ~ 20:30,"담당업무 :  자동차부품 검사, 선별, 포장 업무. 근무시간 : 8시~20:30 (2교대) 시급 8590원 문의) 010-3817-8134",경력무관 | 학력무관 | 대구광역시 달성군 논공읍
전기전자 실무모집,"시급 | 9,000원 이상",정규 | 주5일,08:30 ~ 18:00,"담당업무 :  전반적인 전기 설비,점검 전기기사자격증 필수 고령자우대",경력무관 | 학력무관 | 경상남도 진주시 사봉면
귀금속 제품 제조회사  CNC 선반 및 NC조작원  정규직 채용 합니다.,월급 | 200만원 ~ 300만원,정규 | 주5일,10:00 ~ 19:00,"담당업무 :  귀금속 CNC조각기를 이용한 주얼리 생산 (선반,롤링기,탭핑기 작업 가능자 환영합니다.) ( Mach ,마하 가능자 우대) * 급여는 면접후...",경력무관 | 학력무관 | 서울특별시 종로구 돈화문로5가길
생산 보조 및 가스절단 생산원 모집,월급 | 320만원 이상,비정규 | 주5일,,"담당업무 :  가스절단, 화염절단 및 사상 가스를 이용한 철판 절단 고이께 리드그라프 장비 2대 초보자 : 사상, 물건 정리 경력자 : 철판 절단, 설...",경력무관 | 학력무관 | 충청북도 청주시 청원구
전기/전자부품 프레스 생산직 경력모집,"연봉 | 2,800만원 이상",정규 | 주5일,,담당업무 :  저희 (주)부광정기는 30년 업력의 자동차부분품 및 전기전자부품 프레스 양산 제조업체입니다. 모집분야 : 프레스 조작 제품생산직 사...,경력5년 | 고졸 | ~ 대졸(4년) 경기도
자동차부품 금속 열처리 생산직 모집,"시급 | 8,590원 이상",정규 | 주5일,,담당업무 :  - 자동차부품 금속 열처리 한 후 생산된 제품을 세척 및 분류작업 - 시급 8590원(주야 2교대 근무),경력무관 | 학력무관 | 대구광역시 달성군 구지면
용접공(생산직)/정규직,월급 | 240만원 이상,정규 | 주5일,08:30 ~ 17:30,담당업무 :  **(주)삼일산업 용접원 모집** 직무내용 : 용접(CO₂전기용접 근무시간 : 08:30~17:30 /주5일근무 / 잔업선택사항(2시간정도) 급여조...,경력1년 | 학력무관 | 경기도 안성시 죽산면
자동차부품 (2교대) 생산직 사원 모집,월급 | 250만원 ~ 280만원,정규 | 주5일,08:30 ~ 20:30,담당업무 :  ◈모집요강. (자동차부품) 모집부문: - CNC / MCT 근무형태 : - 주야2교대 모집인원 : - 2명 세부사항 : - 입식근무 / 상의 회사복 ...,경력무관 | 학력무관 | 경상북도 칠곡군 석적읍
자동화 기계기술자 및 영업 P.M  모집합니다.,"연봉 | 3,000만원 ~ 4,500만원",정규 | 주6일,,담당업무 :  1) 도면해독가능자 2) 현장기계 자동화장비 설치 PM 3) 견적서 대응,경력2년 | 학력무관 | 경상북도 칠곡군 지천면
"에어컨 설치기사(경력자,초보자)시스템어에컨,냉난방기설치,에어컨",월급 | 220만원 ~ 350만원,비정규 | 주6일,,담당업무 :  저희는 냉난방기기 설치전문점으로 가정용이 아닌 빌딩 업소 건물 시스템 에어컨 전문으로 설치판매합니다 시스템공조 냉난방기기 설치...,경력무관 | 학력무관 | 경기도 남양주시 진건읍
방산부품 알루미늄 티그(TIG) 용접원 채용 (경력자 우대),"시급 | 12,000원 ~ 15,000원",비정규 | 주5일,,담당업무 :  방산 기구제품 알루미늄 박판티그(TIG) 용접원 모집합니다. 실무경력 8년 이상 경력자 우대합니다. * 급여조건은 경력사항에 따라 면...,경력8년 | 학력무관 | 부산광역시 강서구 과학산단2로19번길
cctv개발의 기술자 및 연구원,"연봉 | 2,500만원 ~ 3,500만원",정규 | 주5일,09:00 ~ 18:00,담당업무 :  카메라 개발 및 연구 기술자 카메라설치 및 통신에 대한 전반적인 업무에 잘 아시는 분 환영,경력5년 | 학력무관 | 전라북도 김제시 서흥공단2길
조립생산직 모집,"연봉 | 2,200만원 ~ 2,500만원",정규 | 주5일,08:30 ~ 17:30,담당업무 :  전기제품 조립 생산 유 경험자를 모집합니다. 전기제품(PCB납땜 가능자 우대) 급여는 경력에따라 협의가 가능합니다. 일의 양에 따라 ...,경력2년 | 학력무관 | 인천광역시 남동구 남동서로
청운테크 생산직 모집,"시급 | 8,590원 ~ 8,590원",정규 | 주5일,,"담당업무 :  * 프레스반 사원 모집 * * 공통자격 > 학력 : 무관 > 나이/성별 : 무관, 정년 60세 *담당업무 > 프레스 및 사상 및 피더...",경력무관 | 학력무관 | 대구광역시 북구 검단공단로
금형설계 경력자 모집,"연봉 | 4,000만원 이상",정규 | 주5일,,담당업무 :  - 사출금형 설계가능자 - 경력 20년 이상(급여는 협의 가능),경력20년 | 학력무관 | 경기도 부천시 산업로8번길
임플란트 제품개발/설계 경력직 모집,월급 | 200만원 이상,정규 | 주5일,09:00 ~ 18:00,담당업무 :  임플란트 제품개발/설계 치과용 임플란트 신제품 설계 개발 제품도면관리 기업부설연구소관리 [기계설계>기계설계>기계요소설계...,경력무관 | 학력무관 | 부산광역시 북구 만덕3로16번길
생산직 직원(금속재창호제작원) 모집,"연봉 | 3,000만원 이상",정규 | 주6일,08:00 ~ 17:30,담당업무 :  * 금속재 창호(샷시)제작 및 조립시공 등 - 근무지: 광주 첨단 과학기술원뒷편(차로 5분거리),경력3년 | 고졸 | 전라남도 장성군 진원면
MCT 머시닝,"연봉 | 3,000만원 ~ 4,500만원",정규 | 주5일,08:00 ~ 17:00,"담당업무 :  MCT 머시닝, 5호기,6호기,8호기(인텍스),12호기 조작가능",경력3년 | 학력무관 | ~ 대졸(2~3년) 경기도
"자동차 정비, 수리 경력자 채용","연봉 | 2,400만원 이상",정규 | 주5일,09:00 ~ 18:00,"담당업무 :  자동차 정비, 특장차 정비, 전동차 정비, 전기차 정비, 오토바이 정비, 전동퀵보드 정비 특장차 조립, 특장차 개발, 전동차 조립, 전...",경력3년 | 학력무관 | 서울특별시 금천구 시흥대로153길
"분체.액체 도장기사, 생산직 모집",월급 | 180만원 ~ 400만원,정규 | 주5일,,"담당업무 :  분체, 액체 도장회사로 분체 및 액체 도장기사 모집, 도장품 검사원 모집. 현장 단순 생산직원 모집. 동종업계 경력자 우대 배우고자 ...",경력무관 | 학력무관 | 인천광역시 남동구 남동동로197번길
건축자재 생산 현장 작업반장,월급 | 300만원 이상,정규 | 주5일,,"담당업무 :  건축자재 (금속, 알루미늄 판넬 )등 현장 작업을 관리할수 있는 책임자",경력5년 | 고졸 | ~ 대졸(2~3년) 경기도
다이캐스팅 조작원 / 일반 작업인원 모집,"시급 | 8,590원 이상",비정규 | 주5일,08:00 ~ 20:00,담당업무 :  1. 모집부분 : 알루미늄 다이캐스팅 주조원 2. 담당업무 (1) 다이캐스팅 주조 관련 단순작업 (2) 후처리 부분 단순작업 (3) 기타 단순...,경력무관 | 학력무관 | 인천광역시 남동구 남동서로144번길
(주)씨엠에스원 부산교통공사 시설관리기사 모집,월급 | 196만원 이상,비정규 | 주5일,,"담당업무 :  부산도시철도를 운영하는 부산교통공사와 위탁계약에 의해 부산교통공사 내 시설물유지관리(냉난방, 위생 분야)업무를 담당합니다. 주...",경력무관 | 학력무관 | 부산광역시 남구 수영로
프레스생산 사원모집,"시급 | 8,590원 이상",정규 | 주5일,08:30 ~ 17:30,담당업무 :  자동차부품 프레스 생산업무,경력 | 학력무관 | 경상북도 구미시 산동면
산업기계 조립 생산직 (제관 및 용접),"연봉 | 3,000만원 ~ 4,000만원",비정규 | 주5일,08:30 ~ 18:30,"담당업무 :  - 파쇄기,분쇄기,재활용 기계 조립 및 콘베어 생산,정비,설치공사 업무 - co2 용접 가능하고 신체 건강하신 분",경력1년 | 학력무관 | 경기도 파주시 탄현면
시설관리 공무직 채용합니다,"연봉 | 3,000만원 ~ 5,000만원",정규 | 주5일,08:30 ~ 17:30,담당업무 :  당사는 돈가스 등을 생산 판매하는 식품제조업 중소기업으로서 15년의 경력으로 삼성웰스토리 푸드머스 등 대기업과 학교급식시장에 ...,경력무관 | 학력무관 | 경기도 이천시 마장면
금형설비 점검/유지보수 및 금형셋팅지원,월급 | 200만원 이상,정규 | 주5일,08:00 ~ 17:00,담당업무 :  금형설비 점검/유지보수 및 금형셋팅지원(장년층 우대),경력2년 | 학력무관 | 광주광역시 광산구 삼도로
생산직 기사 구함,"시급 | 9,000원 ~ 9,000원",정규 | 주6일,,담당업무 :  지게차 운전 및 생산 파트 근무,경력1년 | 학력무관 | 전라북도 군산시 군산산단로
CNC밀링직원모집,"연봉 | 4,000만원 이상",정규 | 주6일,,"담당업무 :  기계부품,금형부품등 가공 /(범용밀링도 가능한분)",경력5년 | 학력무관 | 경기도 화성시 마도면
생산 단순노무직원 모집(현장근무),"시급 | 8,590원 이상",정규 | 주5일,,담당업무 :  -건설기계장비 도장업체로서 재탭공정 업무입니다. -누구나 다 할 수 있는 간단한 작업임으로 초보자도 손쉽게 할 수 있으며 -특별한 ...,경력무관 | 학력무관 | 경상남도 창원시 마산합포구
소형 건설장비 정비직 채용,"연봉 | 2,300만원 이상",정규 | 주5일,08:00 ~ 18:00,"담당업무 :  발전기, 콤프레샤, 콤비로라, 진동로라, 콘크리트 믹서기 등 엔진 및 모터가 장착된 다양한 소형건설장비 정비, 장비 AS 및 성능 테스...",경력무관 | 학력무관 | 경기도 화성시 향남읍
분체도장기사 모집(신중년적합직무지원사업 연계),월급 | 300만원 ~ 300만원,정규 | 주5일,,"담당업무 :  - 분체도장기사 현장근무 - 라인 분체도장 - 8:00-17:00 근무, 잔업 유 - 경력자 우대 (급여 협의가능)",경력5년 | 학력무관 | 경기도 시흥시 마유로186번길
