영업 관리자를 모집합니다.,월급 | 200만원 이상,정규 | 주5일,09:00 ~ 17:30,담당업무 :  영업 경력직 모집합니다. 저희는 유한양행 웰니스와 원마일 클로져의 벨포아 대리점을 운영하고 있습니다. 하는일은 거래처 (약 100여...,경력5년 | 학력무관 | 경기도 고양시 일산동구
관리소 주차관리원 모집,월급 | 185만원 이상,비정규 | 주6일,16:00 ~ 23:00,담당업무 :  집합건물 야간 주차관리및 관리소 근무,경력무관 | 고졸 | 경기도 광명시 범안로
주차관리원,월급 | 182만원 ~ 182만원,정규 | 주6일,08:00 ~ 17:00,담당업무 :  *세종병원 주차관리/주차유도원 *월-금 (09:00-17:00) 토 (09:00-13:00)격주 *월급 182만원 *1종스틱가능자 *꾸준히 오래하실분,경력무관 | 학력무관 | 경기도 부천시 호현로489번길
주방보조 구합니다(산막공단),월급 | 179만원 ~ 180만원,정규 | 주5일,,담당업무 :  주방보조 / 홀청소 / 설거지 하실 분 구합니다 자차 필수입니다. (출퇴근 할 때 직원 한 분 태워다 주셔야 합니다 - 유류비 별도 지급...,경력무관 | 학력무관 | 경상남도 양산시 산막공단북9길
식당 주차관리 및 기타 단순서비스 하실분 모집합니다,월급 | 250만원 이상,정규 | 주5일,10:00 ~ 22:00,담당업무 :  - 주차관리 및 기타 단순서비스(숯불 준비 등) - 월 6일 휴무,경력무관 | 학력무관 | 경기도 광명시 양달로
경비실에서 수출 컨테이너 차량 계량 업무하실 분을 모집합니다.,월급 | 180만원 ~ 180만원,비정규 | 격일,07:30 ~ 07:30,"담당업무 :  당사경비실에서 차량 계량업무을 컴퓨터에 입력하여 계량전표 출력하는 업무로 컴퓨터기능과 문자(한글, 영문)입력에 어느정도 능숙하...",경력무관 | 고졸 | 인천광역시 연수구 아암대로
전진중공업(주) 자재관리팀 계약직 채용,"연봉 | 2,400만원 이상",비정규 | 주5일,08:30 ~ 17:30,"담당업무 :  - 원자재 및 제관물 자재 입.출고 업무 - 재고관리업무(철판, 파이프 등) - 협력업체 관리업무 * 우대사항 - 3톤 이상 지게차 운전가...",경력무관 | 고졸 | ~ 대졸(4년) 충청북도
농어촌 버스 운전원 모집,월급 | 335만원 ~ 360만원,비정규 | 주5일,,담당업무 :  농어촌 버스 운전원으로 경력자 구인-운행 시간표에 따라 근무일과 근무시간 결정됨 버스운전자격증 소지자 (필수) 경력자 우대,경력1년 | 학력무관 | 전라남도 해남군 해남읍
[부산/강서구] 영진피팅공업사 배관자재 납품영업 사원 채용,월급 | 220만원 ~ 230만원,정규 | 주5일,,"담당업무 :  1) 회사 소개 부산 소재의 파이프 닛블 제조 업체로서 30여년의 부산 향토 기업 입니다. 파이프를 절단, 가공하여, 관이음쇠를 제조하...",경력무관 | 학력무관 | 부산광역시 강서구 미음산단3로
"납품,배송직원을 모집합니다.","시급 | 10,000원 이상",정규 | 주5일,14:00 ~ 23:30,"담당업무 :  전문 CTP출력실입니다. 인쇄판재 배송,납품직 모심니다. 초보자 가능.회사차량(SUV) 시간 조절 가능. 주 5일 근무",경력무관 | 학력무관 | 경기도 파주시 지목로
지게차운전원 [울산광역시 일자리지원센터 채용대행],"시급 | 8,590원 ~ 8,610원",정규 | 주5일,,"담당업무 :  현대자동차 1차밴드 사내협력사 가공부산물(칩)처리, 쉬는 날이 일정하지 않음(토요일 근무가능자 희망) 통근버스 운행 (남구, 중구 ...",경력무관 | 학력무관 | 울산광역시 울주군 두서면
시내버스 운전기사 모집(촉탁직) - 창원고용센터에서 채용대행중입니다.,월급 | 250만원 ~ 300만원,비정규 | 주5일,,담당업무 :  시내버스 운전기사 경력자로 10개월 촉탁직으로 근무하실 분 *창원고용센터에서 채용대행중입니다. 워크넷으로 구직등록 후 워크넷 입...,경력1년 | 학력무관 | 경상남도 창원시 진해구
플로리스트 채용,"시급 | 8,590원 이상",시간 | (단기),09:00 ~ 17:00,"담당업무 :  - 핸드타이드 및 화병 어레인지먼트 디자인, 제작 - 꽃 컨디션 관리 총괄, 구매 업무 포함 - 클래스 기획 및 운영 (매니저급) - 블로...",경력1년 | 대졸(2~3년) | ~ 석사 대구광역시
배송및 판매 (창고관리포함),월급 | 179만원 ~ 179만원,정규 | 주5일,08:30 ~ 17:30,담당업무 :  삼미물산은 도자기재료를 판매 및 운송,경력무관 | 학력무관 | 경기도 여주시 도예로
양지노인복지센터 신규  운전 보조원 채용,월급 | 90만원 이상,시간 | (단기),,담당업무 :  채용 계획서 1. 채용시설 : 양지노인복지센터 2. 채용인원 : 계약직(1년) 운전 보조원 3. 업무내용 : 어르신 송영 운전 및 차량 관리 ...,경력5년 | 고졸 | 광주광역시 남구 제중로
의료소모품 배송 구인,월급 | 208만원 ~ 208만원,비정규 | 주6일,,담당업무 :  - 관양동 사무실에서 평촌한림대병원 의료소모품배송 - 평일 7:30~16:30 토 7:30~11:30 - 1종면허소지자 - 담당자와 전화 문의후 지원...,경력무관 | 고졸 | ~ 대졸(4년) 경기도
"재고관리, 상품입출고 직원 모집",월급 | 200만원 ~ 200만원,정규 | 주5일,09:00 ~ 18:00,"담당업무 :  - 상품 매입, 재고 관리 - 상품 포장, 택배 발송 - 컴퓨터 사용 가능한 분",경력무관 | 고졸 | ~ 대졸(4년) 경기도
주차관리원[장애인우대] 모집,월급 | 129만원 이상,비정규 | 격일,08:00 ~ 22:00,담당업무 :  -주차관리(주차장 청소 및 차단기 관리 등) -월 129만원(연차 사후정산),경력1년 | 학력무관 | 경기도 부천시 부일로205번길
신규영업/납품영업직원  모집합니다.,"연봉 | 2,800만원 이상",정규 | 주5일,,"담당업무 :  자동차부품, 산업용품 부품 열처리 신규영업 자동차부품 납품,수주 관리 ,영업지원 // 경력 1년 이상 / 2.5톤 이상 가능하신분 우대",경력1년 | 고졸 | ~ 대졸(4년) 인천광역시
5톤 화물차 납품기사 및 현장보조업무 구인,월급 | 200만원 ~ 220만원,정규 | 주5일,,"담당업무 :  주업무: 5톤 화물차로 거래처 납품 부업무: 현장 보조업무 주로 중량물이 큰 철 구조물,금속제품들이 주 입니다. 작업이 완료된 물건...",경력1년 | 학력무관 | 경기도 시흥시 산기대학로
트럭운전기사 모집,월급 | 230만원 ~ 250만원,정규 | 주6일,08:00 ~ 17:00,"담당업무 :  -폐가전제품, 재활용품 정리,운반 - 단순 생산보조 등 *1종 보통 운전면허 소지자(4.5톤 윙바디트럭운전)",경력1년 | 학력무관 | 경기도 이천시 모가면
(경력직)납품배송기사님 모십니다!,"연봉 | 3,300만원 이상",비정규 | 주6일,08:00 ~ 18:30,담당업무 :  3.5톤 / 5톤 탑차 운전 납품 및 배송 현장관리,경력1년 | 학력무관 | 경기도 이천시 신둔면
주식회사 오늘애 서초동 한우카페 매장관리직 모집,월급 | 200만원 ~ 300만원,정규 | 주6일,09:00 ~ 18:00,담당업무 :  주식회사 오늘애 한우카페 매장관리직 정직원 모집합니다. - 초보가능 - 경력자우대,경력무관 | 고졸 | ~ 대졸(4년) 서울특별시
카카오 택시운전원 및 일반택시운전원 구인,월급 | 180만원 이상,정규 | 주6일,,"담당업무 :  운전 등 - 카카오 택시 10명, 일반택시 10명 - 운전면허2종보통 소지자 - 급여 카카오택시 : 월180만원+ 성과급(근무시간 : 주6일 8시...",경력무관 | 학력무관 | 경기도 광명시 광명로
마트배달사원모집,"시급 | 8,590원 ~ 8,590원",비정규 | 주3일,,담당업무 :  마트상품배달및 매장업무,경력무관 | 학력무관 | 경상남도 창원시 성산구
차량용 요소수 판매 영업사원 모집,"연봉 | 2,800만원 ~ 3,600만원",정규 | 주5일,08:30 ~ 17:30,"담당업무 :  차량용 요소수, 산업용 요소수 내수 판매(주유소, 버스, 레미콘 회사, 건설기계, 중장비회사)",경력10년 | 대졸(2~3년) | ~ 대졸(4년) 충청북도
(경력직/신입)모듈 트랜스포터 신호수/장비조작원 채용공고,월급 | 250만원 ~ 400만원,정규 | 주5일,,담당업무 :  [모듈 트랜스포터 기사] 모듈 트랜스포터를 트레일러(츄레라)를 운전하여 이동하는 업무. 때에 따라 신호수의 업무도 겸함. *모듈트레...,경력무관 | 학력무관 | 경상남도 창원시 의창구
빌딩주차원 모집(역삼동),월급 | 175만원 이상,비정규 | 주6일,,"담당업무 :  빌딩주차장 주차요원 , 오전반,오후반 교대 근무 ,",경력1년 | 고졸 | 서울특별시 강남구 테헤란로
[CDS코리아]코스트코 양재점 시식/시연/이벤트 사원 채용,"시급 | 10,020원 ~ 10,020원",비정규 | 주5일,,"담당업무 :  * 직무 : 코스트코 양재점 시식/시연 이벤트 서비스 진행 * 연령, 학력, 경력 제한 없음 * 주 5일~6일, 근무시간09:00~18:00(1시간 ...",경력무관 | 학력무관 | 서울특별시 서초구 양재대로
"농민마트 직원채용(계산원, 배송, 공산품)",월급 | 300만원 이상,정규 | 주6일,07:00 ~ 19:00,담당업무 :  * 배송업무 - 07:00~19:00 (주6일근무) - 월 300만원 - 식사제공,경력 | 학력무관 | 경기도 화성시 영통로26번길
자동차부품 납품원,"연봉 | 2,400만원 ~ 3,000만원",정규 | 주5일,,"담당업무 :  자동차부품납품 - 본사의 창고에서 제품을 상차하여 거래처에 납품하는 업무입니다. - 모든 영업 경험 우대, 자동차운전면허 1종 필수...",경력3년 | 고졸 | ~ 대졸(2~3년) 부산광역시
단순노무직-제조 관련 단순 종사원,"연봉 | 2,160만원 ~ 3,000만원",정규 | 주5일,09:00 ~ 18:00,"담당업무 :  종이제품 가공후 포장작업, 택배발송 업무",경력무관 | 학력무관 | 경기도 김포시 양도로55번길
물류 입출고 담당 채용,월급 | 210만원 이상,비정규 | 주5일,09:30 ~ 18:30,"담당업무 :  계약만기에 따른 충원 공고 물류창고에서 제품 입출고 상하차 및 제품 스티커 작업, 제품 픽업 등 업무 담당 - 운전가능자 필수 - 12...",경력무관 | 학력무관 | 경기도 파주시 신촌2로
"난간대(발코니,특화,단조), APT,고급빌라,주택 휀스 영업 경력자 채용 (경력자 대환영)",월급 | 250만원 이상,정규 | 주5일,08:30 ~ 17:30,"담당업무 :  1. 고급형 난간대(발코니,특화,단조) 영업 2.APT,고급빌라,공장,주택 휀스 영업 3.금속 구조물, 공작물 영업 4.고급형 분체 및 액체 ...",경력무관 | 학력무관 | 경기도 수원시 권선구
동군산톨게이트 고속도로 요금수납원 모집(기간제),"시급 | 9,910원 ~ 9,910원",비정규 | 주5일,,담당업무 :  동군산톨게이트 수납원(기간제),경력무관 | 학력무관 | 전라북도 군산시 대야면
어린이집통학 운전기사,"시급 | 8,590원 ~ 8,590원",정규 | 주5일,,담당업무 :  * 주요직무 : 운전기사 및 기타 * 근무시간 : 오전) 08:00~09:30 / 오후)16:30~17:45 주20시간 중 운전외 시간은 어린이집 정...,경력무관 | 고졸 | 경기도 안산시 상록구
[분당 정자] 주차관리원 모집합니다.,"시급 | 8,720원 이상",정규 | 주6일,,"담당업무 :  1. 근무지 : 경기 성남시 분당 정자동, 지하철 정자역(분당선,신분당선) 3번출구 바로 앞. 2. 근무시간 : 평 일(월-금): 오후 12:00~...",경력 | 학력무관 | 경기도 성남시 분당구
배송·납품 운전원 모집,월급 | 120만원 ~ 150만원,시간 | (장기),,담당업무 :  - 은평구 내 정부양곡배송업 - 매월 20~익월 5일까지 근무 - 오전 8시 부터 오후 4시까지 근무,경력무관 | 학력무관 | 서울특별시 은평구 통일로
[GS슈퍼마켓] 용인한숲시티점 매장 상품이동 및 진열 직원모집,월급 | 145만원 ~ 145만원,비정규 | 주5일,08:00 ~ 14:30,담당업무 :  - GS 슈퍼마켓 매장내 상품이동 및 진열 - GS슈퍼마켓 용인한숲시티점 : 경기도 용인시 처인구 남사면 한숲로 60,경력무관 | 학력무관 | 경기도 용인시 처인구
[GS슈퍼마켓] 분당시범단지점/ 분당정자점 매장 상품이동 및 진열 직원모집,월급 | 145만원 ~ 145만원,비정규 | 주5일,08:00 ~ 14:30,담당업무 :  GS 슈퍼마켓 매장내 상품이동 및 진열 GS슈퍼마켓 분당시범단지 : 경기 성남시 분당구 중앙공원로31번길 42 GS슈퍼마켓 분당정자점 :...,경력무관 | 고졸 | 경기도 성남시 분당구
마트계산원 모집,월급 | 180만원 이상,비정규 | 주5일,09:00 ~ 18:00,"담당업무 :  ** 마트 계산원 - 주5일, 09:00 ~ 18:00(주말 근무 가능하신분) - 월180만원",경력1년 | 학력무관 | 경기도 오산시 외삼미로91번길
강서구 노약자 무료셔틀버스 계약직 운전원 1명 채용,월급 | 225만원 ~ 225만원,비정규 | 주5일,,담당업무 :  ○ 채용 인원 및 분야 - 강서구 노약자 무료셔틀버스 계약직 운전원 1명 ○ 주요업무 및 근무형태 - 계약기간 : 2021.01.01.~2021.12...,경력3년 | 학력무관 | 서울특별시 강서구 허준로
"찬이랑밥이랑 배송,배송보조하실분 구합니다(시니어일자리)","시급 | 8,590원 ~ 8,590원",비정규 | 주5일,,"담당업무 :  * 찬이랑 밥이랑 배송, 배송보조 하실분 * 1.배송 1명 - 주5일 4시간(오전10시~2시) - 채용시 바로근무 시작 2.배송보조 1명 - 주5일 ...",경력무관 | 학력무관 | 경기도 시흥시 군자로
서김제톨게이트 고속도로 요금수납원 모집(기간제),"시급 | 9,910원 ~ 9,910원",비정규 | 주5일,,담당업무 :  서김제톨게이트 수납원(기간제),경력무관 | 학력무관 | 전라북도 김제시 성덕면
LG전자 베스트샵(남수원본점) 주차관리원 채용,월급 | 229만원 ~ 229만원,정규 | 주6일,,"담당업무 :  * LG전자 베스트샵 (남수원본점) 주차관리 채용 - 주차관리및 안내 업무. * 운전면허 1종보통 필수 * 중식비 일부지원, 연차수당지급 ...",경력 | 학력무관 | 경기도 수원시 권선구
어린이집 통학차량 운전기사모집,"시급 | 10,000원 ~ 10,000원",시간 | (장기),,"담당업무 :  1종보통운전면허 소지자 사람을 태우고 운행해본 경험이 있는자 차분하게 운전하는 자(스타렉스15인승, 오토) 1종보통운전면허이상 임...",경력무관 | 학력무관 | 경기도 안산시 상록구
KT_스카이라이프  영업사원 모집,"연봉 | 2,400만원 ~ 5,000만원",정규 | 주6일,,담당업무 :  KT스카이라이프 영업업무를 수행함. - 현장 고객 응대 중요. - 신체 조건이 건강한 사람. - 간단한 공작물 설치에 소질이 있는 사람. ...,경력무관 | 고졸 | ~ 대졸(4년) 전라남도
정마트 직원모집(매장관리 및 배달),"시급 | 8,590원 ~ 8,590원",정규 | 주6일,10:00 ~ 21:00,"담당업무 :  매장관리 및 배달업무 근무시간, 급여협의 가능",경력1년 | 학력무관 | 부산광역시 수영구 광안해변로
"영업사원 모집 (경북지역에 판촉, 배송)",월급 | 220만원 이상,정규 | 주5일,08:30 ~ 17:30,"담당업무 :  경북 각 시군의 농기계 판매점에 방문하여(각자 자택에서 바로 출퇴근 가능), 다음과 같은 업무를 수행합니다. --> 농기계 판촉, ...",경력무관 | 학력무관 | 대구광역시 북구 검단동로
단기) 지게차 운전원 모집(지게차 자격증 소지 필수),"시급 | 9,000원 ~ 9,200원",비정규 | 주5일,,"담당업무 :  물류센터 입, 출고 업무 좌식(카운터) 및 입식(리치) 지게차 (지게차 자격증 소지 필수) 주간직 - 3개월 단기 근무",경력1년 | 학력무관 | 전라북도 익산시 석암로11길
세탁물 배송기사(1톤탑차),월급 | 180만원 이상,정규 | 주6일,,담당업무 :  세탁물 배송/품질관리,신입 | 학력무관 | 세종특별자치시 조치원읍 허만석로
3.5톤 운전 채용,"연봉 | 3,000만원 이상",정규 | 주6일,,"담당업무 :  - 업무내용: 마트,백화점 재활용 3.5톤차량 운반(지게차상하차) - 주6일근무(월~토): 오전6시~오후14시 - 연봉 3,000만원이상 - 경증...",경력2년 | 학력무관 | 경기도 의왕시 철도박물관로
25톤 카고 화물차 운전원 모집[울주군청 채용대행],월급 | 240만원 ~ 300만원,비정규 | 주6일,,담당업무 :  ▶ 직무내용 : 25톤 카고(2명) 운전원 ▶ 근무시간 : 주6일 월~토 근무 ; 물건 운반에 정해진 시간까지 탄력적으로 근무 가능 ▶ 자격...,경력 | 학력무관 | 울산광역시 울주군 온산읍
물류센터 배송직원 급구,"시급 | 8,590원 이상",비정규 | 주5일,,"담당업무 :  4톤이하 화물자동차 운전원, 물류센터 상하차 , 배송기사 보조, 지체차 운전원 강서구, 김해 장유, 진해구 용원 인근 거주자 우대",경력무관 | 학력무관 | 부산광역시 강서구 녹산산단46로
창고관리 및 출하직 모집,"일급 | 68,720원 ~ 68,720원",정규 | 주5일,08:00 ~ 17:00,"담당업무 :  직무: 자동화창고 입고 및 출고, 출하준비(제품 이동 포장) 고용형태: 정규직 (수습 3개월) 근무시간: 08:00~17:00(월~금 8시간) / 연...",경력무관 | 고졸 | 경기도 시흥시 희망공원로
(주)에이치케이텍 납품영업 직원채용,월급 | 200만원 ~ 200만원,정규 | 주5일,09:00 ~ 18:00,담당업무 :  업체 납품 배송 또는 원자재 인수 등 운전이 필수인 직무입니다. 배정되는 차량은 포터차량이오니 운전면허1종 수동 자격증을 보유하...,경력무관 | 학력무관 | 서울특별시 구로구 경인로53가길
자게차운전(창고관리) 사원 모집,월급 | 179만원 이상,정규 | 주5일,,"담당업무 :  [경산고용센터 채용대행] * 입,출고 상하차(지게차운전)-자격증은 필수는 아니나 지게차운전가능해야함 * 급여 면접후 결정 * 근무시...",경력무관 | 학력무관 | 경상북도 경산시 하양읍
어린이집 차량기사 모집,월급 | 91만원 이상,정규 | 주5일,,담당업무 :  어린이집 통학버스 운전 그랜드 승합차량 12인승 운전(오토),신입 | 학력무관 | 전라남도 목포시 용당로77번길
평택항 추레라 운전기사모집,월급 | 300만원 ~ 350만원,정규 | 주6일,,담당업무 :  평택항 츄레라(트레일러) 운전기사 (차량증차로 인한 구인),경력1년 | 학력무관 | 경기도 평택시 포승읍
지산개발[진천]-실험실보조사원모집,"시급 | 10,000원 이상",정규 | 주6일,08:00 ~ 18:00,담당업무 :  **지산개발[진천] 트레일러 장비기사 모집** ▶ 직무내용 : 트레일러운전 ▶ 근무시간 : 08:00~18:00 / 주6일근무 ▶ 급여조건 : 시급...,경력무관 | 학력무관 | 충청북도 진천군 문백면
쿠팡 안성원곡물류센터 지게차운전사원모집,월급 | 234만원 ~ 234만원,비정규 | 주5일,09:00 ~ 18:00,담당업무 :  * 해당채용공고는 충남북부상공회의소 중장년일자리희망센터에서 채용대행중입니다. - 직무내용: 쿠팡 안성원곡 물류센터 내 지게차(...,경력무관 | 학력무관 | 경기도 안성시 원곡면
(주)라망 가구 관리부 직원 채용,월급 | 180만원 이상,정규 | 주5일,,"담당업무 :  선반, 테이블, 수납장 등 소가구를 생산하는 회사입니다. 관리부 직원 모집으로 전반적인 사무업무(온라인몰 관리, CS, 업체방문 등 )...",경력무관 | 학력무관 | 경기도 가평군 청평면
마을버스 운전원 모집,월급 | 285만원 ~ 310만원,정규 | 주6일,,"담당업무 :  마을버스운전 /2교대/월285-310만원 - 버스번호 10번, 10-1번 - 신입 지원 가능 - 접수후 오후시간 중에(13시~21시) 전화주시면 면접...",신입 | 학력무관 | 경기도 성남시 중원구
화물차  운전원 모집,"연봉 | 2,800만원 ~ 3,500만원",정규 | 주5일,,담당업무 :  철강재(자재) 운송(5톤차량),경력3년 | 학력무관 | 경기도 김포시 양촌읍
"특수구급차,영화촬영,운동경기 의료지원 운전직 채용",월급 | 224만원 이상,비정규 | 주6일,,담당업무 :  - 구급차 앰블런스 운전업무/ 영화촬영차량. 의료지원 ( 경기일정으로 인해 1명 더 증원하기 위하여 채용합니다.),신입 | 학력무관 | 전라북도 전주시 덕진구
영업/판매관리 사원 모집,월급 | 250만원 이상,정규 | 주5일,08:30 ~ 17:30,담당업무 :  - 자사 건축자재 영업 - 2.5톤 탑차 운전 가능한자 - 근무시간 :(월~금) 08:30~17:30 - 배수용품(유가 .트랜치.) 영업 유경험자 우...,경력무관 | 학력무관 | 대구광역시 북구 침산로67길
동국제강 셔틀버스(45인승) 운전원-연수동노선(경력자),월급 | 206만원 이상,비정규 | 주5일,,담당업무 :  <동국제강 셔틀버스 운전원 모집> * 업무: 셔틀버스 운전(45인승/연수동 노선) * 만수동 인근 거주자 우대 * 근무시간: 04:50~...,경력2년 | 학력무관 | 인천광역시 동구 중봉대로
카카오T블루 (카카오택시) 기사분을 모집합니다.,월급 | 200만원 ~ 250만원,정규 | 주6일,,"담당업무 :  카카오T블루 (카카오택시) 운전기사분을 모집합니다 경력, 나이, 성별 무관하며 카카오에서 오는 택시 콜만으로 운행하므로 처음 일하...",경력무관 | 학력무관 | 서울특별시 강서구 강서로
영업부 납품영업 사원 채용,"연봉 | 3,000만원 이상",정규 | 주5일,08:00 ~ 17:00,"담당업무 :  1. 직무 요구사항 트럭 운전 가능자(3.5톤~5톤) (업무 수월하며, 17:00 정시퇴근 가능) 2. 급여사항 세금 공제 전 급여 입니다. 성과...",경력1년 | 학력무관 | 경기도 화성시 마도면
[태안농협하나로마트 기배점] 두부파트 경력무관 정규직 채용,월급 | 210만원 ~ 230만원,정규 | 주6일,,"담당업무 :  * 태안농협 하나로마트 기배점 두부코너 용역 직원구인 * 경력무관 초보가능 - 두부코너(두부제조, 매장관리, 고객응대) - 주말포함 ...",경력무관 | 학력무관 | 경기도 화성시 기안남로
바리스타 모집(2명),"시급 | 8,590원 ~ 8,590원",비정규 | 주5일,,"담당업무 :  달성시니어클럽 바리스타 모집 모집인원 : 2명(바리스타 자격증 필수) 근무시간 : 09:00~18:00(2-3시간씩 교대근무, 주5일) 근무예정...",경력무관 | 고졸 | 대구광역시 달성군 현풍읍
구리 자동차 루프박스 매장 설치 및 매장관리 매니져,"연봉 | 2,600만원 ~ 3,300만원",정규 | 주6일,,담당업무 :  1. 업체명 : (주)이구아나코리아 2. 주소 - 본사 : 경기도 광주시 초월읍 용수리 276-4 - 인천 직영매장 : 인천광역시 서구 가좌동 48...,경력무관 | 고졸 | ~ 대졸(4년) 경기도
일산서구 자동차 루프박스 매장 설치 및 매장관리 매니져,"연봉 | 2,600만원 ~ 3,300만원",정규 | 주6일,,담당업무 :  1. 업체명 : (주)이구아나코리아 2. 주소 - 본사 : 경기도 광주시 초월읍 용수리 276-4 - 인천 직영매장 : 인천광역시 서구 가좌동 48...,경력무관 | 고졸 | ~ 대졸(4년) 경기도
기간제 자동차부품 지게차 인원 모집(시니어/장년층 가능),"시급 | 11,000원 ~ 11,000원",비정규 | 주5일,,담당업무 :  기간제 자동차부품 지게차 인원 모집 (시니어/장년층 가능) *계약 기간안내* -회사 내부 사정에 따라 변경될 수 있습니다. -1년 이내...,경력무관 | 학력무관 | 울산광역시 북구 모듈화산업로
영업담당자 모집(디지털도어락 및 비디오폰),"연봉 | 4,000만원 ~ 6,000만원",비정규 | 주5일,09:00 ~ 18:00,담당업무 :  ◆ 생산품목 - 디지털도어락 및 비디오폰 외 ◆ 주요업무 - 디지털도어락 신규개척영업(국내) ◆ 자격요건 - 동종업계 경력자 - 단기...,경력3년 | 학력무관 | 경기도 양주시 청담로39번길
[인천동구]가스충전소 자동차충전원-고압가스양성교육(충전시설)이수자,월급 | 210만원 ~ 210만원,정규 | 주6일,,담당업무 :  * 업무 : LPG자동차 충전업무 * 근무시간 : 3교대 스케줄근무 - 주2회 휴무 오전조 06:00-14:00 / 오후조 14:00-22:00 / ...,경력무관 | 학력무관 | 인천광역시 동구 중봉대로
"용산구 (주)태영교통 운전원 모집 - 버스운전경력자 필수, 버스운전면허 자격증 필수","연봉 | 3,000만원 이상",비정규 | 주6일,,"담당업무 :  - 마을버스운전 (버스운전 경력자, 버스운전 면허 소지자) 경력자우대 - 25인승 버스",경력1년 | 학력무관 | 서울특별시 용산구 신흥로
마을버스 운전원 모집,월급 | 270만원 이상,비정규 | 격일,,담당업무 :  - 동탄27번 / 동탄 17번 마을버스 운행 - 노선이 복잡하지 않아 운전하시기 편합니다 - 3개월수습기간 있음 - 근면 성실하신 마을버스...,경력1년 | 학력무관 | 경기도 화성시 병점중앙로
마을버스 운전원 모집,월급 | 270만원 이상,정규 | 주6일,,"담당업무 :  - 동탄 H2번, 5번,6번 - 신규노선을 위한 모집인원 확대! - 노선이 복잡하지 않아 운전하시기 편합니다 - 1년이상 버스경력 운행 경험...",경력1년 | 학력무관 | 경기도 화성시 병점중앙로
진아교통 야간 주차관리 및 경비업무 채용,"시급 | 8,590원 이상",시간 | (단기),,담당업무 :  - 회사시설 내 야간경비 - 차고지 내 주차관리 (대형면허필수),경력무관 | 학력무관 | 서울특별시 노원구 마들로
마을버스 운전원 모집,월급 | 250만원 이상,정규 | 주6일,,담당업무 :  - 수원 21번 마을버스 운행 - 노선이 복잡하지 않아 운전하시기 편합니다 - 3개월수습기간 있음 - 근면 성실하신 마을버스 운전기사분...,경력1년 | 학력무관 | 경기도 수원시 권선구
"노인주간보호센터 (해평면,산동읍, 옥계동)(김천시,  아포읍) 거주 운전원 모집","시급 | 8,590원 이상",시간 | (단기),,담당업무 :  1. 채용분야 및 자격조건 - 구분 : 노인주간보호센터 운전원 1명 (계약직) - 자격 : 운전면허증 소지자(뒷자리삭제)로 - 자차 운전자 ...,경력무관 | 학력무관 | 경상북도 구미시 야은로
용접사상원 및 보조원 모집,"시급 | 8,590원 이상",정규 | 주5일,08:30 ~ 17:30,"담당업무 :  용접 사상원 및 보조원 모집사항입니다. 용접 보조 및 용접 후 제품의 사상공 모집합니다 (주업부 : 용접 보조, 사상) 오전 8시30분부...",경력무관 | 학력무관 | 충청남도 아산시 음봉면
창고관리 및 배송기사 모집,월급 | 180만원 ~ 180만원,정규 | 주5일,08:00 ~ 18:00,"담당업무 :  자재 운반, 관리 / 지게차운전가능자",경력무관 | 학력무관 | 경기도 남양주시 고산로
"LED조명기구,CCTV,주차관제 MAS(조달 다수공급자)관련 영업경력자 모집",월급 | 300만원 이상,정규 | 주5일,09:00 ~ 18:00,"담당업무 :  1. 조달청 나라장터 MAS(다수 공급자 계약) 업무 2. 지자체등 공공기관 영업 3. 자재구매관리, 생산관리, 현장관리 4. 당사는 여성장...",경력5년 | 학력무관 | 경기도 김포시 통진읍
다대주유소  주유원을 모집,"시급 | 8,590원 ~ 8,590원",정규 | 주6일,06:00 ~ 12:00,담당업무 :  청운면 다대주유소 주유원을 모집합니다. - 주유소로 셀프주유소(자동세차장) - 셀프주유를 힘들어 하시는 분들에게만 써비스를 제공...,경력무관 | 학력무관 | 경기도 양평군 청운면
하북농협 하나로마트 소분 모집,월급 | 186만원 ~ 186만원,비정규 | 주5일,09:00 ~ 18:00,담당업무 :  * 하북면 하북농협 하나로마트 * 상품 소분업무 등 * 농산물 상품진열 및 관리 * 농산물 판매촉진 및 홍보업무 * 주5일 8시간씩 근무 ...,경력무관 | 학력무관 | 경상남도 양산시 하북면
통근버스(25인승) 시간제 운전원 채용,"시급 | 9,000원 ~ 9,500원",시간 | (장기),,담당업무 :  통근버스 운전원 모집(25인승) - 용연공단 내 기업체 신입 가능 나이제한없음 운행 노선 : 울산광역시 남구 처용로487번길 18-30 (성...,경력무관 | 학력무관 | 울산광역시 중구 학성로
화물 운전 및 지게차 운전(단순노무),"연봉 | 3,000만원 이상",정규 | 주5일,08:30 ~ 17:30,"담당업무 :  화물차 4.5톤 운전, 3톤 미만 지게차 운전, 단순노무",경력1년 | 고졸 | ~ 대졸(4년) 충청남도
컨테이너 출하 작업 및 하역 적재 작업자 모집,월급 | 198만원 ~ 205만원,정규 | 주5일,,담당업무 :  금고 수출 컨테이너 적재 작업 내수 택배 물류작업 외 창고 관리 등 지게차 운전은 전체 업무 중 20%,경력무관 | 학력무관 | 경기도 파주시 월롱면
"태양광 발전사업 - 국내 영업직, 영업사원 모집",월급 | 180만원 ~ 200만원,비정규 | 주5일,,"담당업무 :  모집부문 태양광 RPS사업부 -B2B영업팀 ㆍ국내기업, 법인영업(B2B) 대상으로 영업활동 담당업무 ㆍ햇빛새싹발전소, 켑코솔라, 지붕임...",경력무관 | 학력무관 | 경기도 화성시 팔탄면
3.5톤~5톤 화물(장축) 윙바디  운전기사  모집,월급 | 200만원 이상,정규 | 주5일,08:30 ~ 17:30,담당업무 :  전자부품 제조회사로 성실히 일하실 5톤화물 운전기사를 모집합니다. 근무시간 : 8:30 ~ 17:30 업무 : 오전 - 출하업무 일일 1회~2회 ...,경력2년 | 고졸 | 경기도 시흥시 공단1대로131번길
납품배송기사님 모십니다!,월급 | 280만원 이상,정규 | 주6일,08:00 ~ 18:30,담당업무 :  3.5톤 / 5톤 탑차 운전 납품 및 배송 현장관리,경력무관 | 학력무관 | 경기도 이천시 신둔면
주유원 모집(경력자),"시급 | 8,590원 이상",정규 | 주6일,05:30 ~ 14:00,담당업무 :  - 담당업무 : 주유업무 - 근무시간 : 05:30~14:00,경력1년 | 학력무관 | 충청북도 충주시 중원대로
[시니어인턴십]금천구시설관리공단 관내 노상주차장 관리,월급 | 179만원 ~ 179만원,비정규 | 주5일,09:00 ~ 18:00,담당업무 :  [직무내용]노상주차장관리 및 요금징수 업무보조 [응시연령및 기준] ○만 60세 이상 미취업자(1960년 생일 지난자) (※기간제근로자...,신입 | 학력무관 | 서울특별시 금천구 시흥대로37길
셀프세차장[관리및청소]직원모집(초보가능),"시급 | 8,590원 이상",시간 | (장기),,"담당업무 :  셀프세차장 관리및 청소 , 손님응대 진영신도시, 우리마트 1호점 근처 09-18시 근무중 ( 휴뮤 : 점심시간, 오전오후 각 30분씩 추가) ...",경력무관 | 학력무관 | 경상남도 김해시 진영읍
단순노무직(화원관리) 직원 구인합니다.,월급 | 179만원 ~ 179만원,정규 | 주5일,09:00 ~ 18:00,담당업무 :  안녕하십니까 예비)사회적기업 풀잎사랑영농조합입니다. 저희와 함께 일할 예비)사회적기업 일자리창출 지원사업 참여자를 모집하고자...,신입 | 학력무관 | 울산광역시 북구 산업로
가람노인복지센터에서 운전원을 모집합니다,"시급 | 8,590원 ~ 8,590원",시간 | (단기),,담당업무 :  주간보호센터 송영차 운전 어르신 승하차 탑승 도움,경력무관 | 학력무관 | 경기도 의정부시 효자로
온라인 시각 및 웹디자이너 / 전자상거래 유경험자 모집,"연봉 | 2,180만원 ~ 4,000만원",정규 | 주5일,09:00 ~ 18:00,담당업무 :  2021년 온라인쇼핑몰 운영자를 모집합니다. 쇼핑몰 주요 업무 1) 상품의 온라인 등재 2) 쇼핑몰의 상품 관리 3) 쇼핑몰에 등재된 개인...,경력3년 | 대졸(2~3년) | ~ 대졸(4년) 경기도
청우식품 아산영업소 영업사원,"연봉 | 3,400만원 ~ 5,000만원",정규 | 주6일,,담당업무 :  제과 영업 및 거래처 관리,경력1년 | 고졸 | ~ 대졸(4년) 충청남도
인터넷 쇼핑몰,월급 | 200만원 ~ 200만원,정규 | 주5일,09:00 ~ 18:00,"담당업무 :  쇼핑몰 상세페이지 디자이너 편집 및 쇼핑몰 우선 일러스트,포토샵 사용가능자 쇼핑몰운영및 담당업무에 대한 경력자 우대 3개월 수습...",신입 | 학력무관 | 경기도 고양시 일산동구
[동백하우스디카바나 아파트] 생활 관리원 구인,월급 | 209만원 ~ 209만원,비정규 | 격일,,"담당업무 :  * 동백 하우스디카바나 아파트 생활 관리 업무 * 아파트 단지 출입통제, 주차관리, 관리소 업무 지원 외 업무 * 근무시간:격일근무 07...",경력무관 | 학력무관 | 경기도 용인시 기흥구
KT링고서비스 TM영업사원 모집,월급 | 150만원 ~ 187만원,시간 | (단기),,"담당업무 :  *가입 고객정보 전산입력(아웃바운드) *주5일 근무(근무시간 10:00~18:00), 휴게시간 12:00~13:30) *법정공휴일 휴무 *3개월 수습...",경력무관 | 학력무관 | 경기도 고양시 덕양구
식품 영업 관리 및 배송 납품 사원 모집,월급 | 179만원 이상,정규 | 주5일,09:00 ~ 18:00,담당업무 :  본사는 가공식품(보리면)을 판매 및 유통하는 사회적기업으로 아래와 같은 직무를 수행하실 분을 모집합니다. 주요 내용 - 기존 오프...,경력무관 | 학력무관 | 충청북도 청주시 흥덕구
[신중년일자리],"연봉 | 2,400만원 ~ 2,800만원",정규 | 주5일,09:00 ~ 18:00,담당업무 :  안녕하세요 저희 명품클리닉투엘은 명품수선전문업체 중 로컬매출분야 1위인 대형의 수선전문점입니다. 직원과 함께 편안한 일자리를 ...,경력무관 | 대졸(2~3년) | ~ 석사 서울특별시
[아파트 도장공사]시장 수요조사(영업) 모집,"시급 | 8,590원 ~ 8,590원",시간 | (장기),10:00 ~ 14:00,"담당업무 :  [아파트 도장공사] 시장 수요조사원(영업) 모집 - 업무: 아파트 재도장공사 일정에 대한 수요조사, 시장조사, 영업 - 시간: 10:00 ~ 1...",경력무관 | 학력무관 | 부산광역시 수영구 망미번영로38번길
타일유통관련직원모집(배송및창고관리업무),"연봉 | 2,800만원 ~ 3,200만원",정규 | 주6일,,"담당업무 :  안녕하세요 타일,위생도기,각종 욕실자재를 납품 및 판매하는 회사입니다. 주6일 근무이며 격주 토요일은 휴무입니다(예 한달 토요일 ...",경력무관 | 학력무관 | 대구광역시 수성구 들안로
배송기사,월급 | 160만원 ~ 160만원,시간 | (장기),12:00 ~ 19:00,"담당업무 :  어린이집, 유치원 식판배송 회사차량(스타렉스) 사용 *신체 건강하신 분 *주 5일 근무/공휴일 휴무",경력무관 | 학력무관 | 경기도 안성시 원곡면
마을버스 기사모집,월급 | 230만원 ~ 250만원,정규 | 격일,,"담당업무 :  격일제 및 복격일제, 주 5일제 노선에서 출퇴근 형태로 근무(숙소 미제공)하실 승무직 직원을 모집합니다. 수동변속기 운전이 반드시 ...",경력무관 | 학력무관 | 경기도 화성시 봉담읍
(채용대행) 범천동 소재 웨딩홀 주차관리원 모집(주3일근무),월급 | 80만원 ~ 80만원,비정규 | 주3일,09:00 ~ 15:00,"담당업무 :  ✔ 범천동 웨딩홀 주차관리원 모집합니다. ※ 운전가능자(필수) ✔ 근무 : 주3일(화, 목, 금) 09:00 ~ 15:00 / 휴게시간있음 급여 : ...",경력1년 | 학력무관 | 부산광역시 부산진구 자유평화로
경동택배 배송기사 모집합니다.,월급 | 200만원 ~ 300만원,정규 | 주5일,09:00 ~ 18:00,담당업무 :  경동택배 배송기사 모집합니다. - 구간별 배송 업무 - 중식비 별도 지급 - 시간 협의 가능 - 경력자 연봉 협의 가능,경력무관 | 학력무관 | 경기도 포천시 일동면
"제과, 제빵원 구인 (경남여성새일센터채용대행)","시급 | 8,590원 ~ 8,590원",비정규 | 주5일,07:00 ~ 16:00,담당업무 :  빵 제조 및 포장 판매업무 **빵 만드는 일 처음부터 가르쳐드립니다.,경력무관 | 학력무관 | 경상남도 창원시 마산회원구
제품 집하장 제품적재 작업자 구인,월급 | 190만원 이상,비정규 | 주5일,,담당업무 :  ▣ 직무내용 1. 제품 상하차 2. 창고정리 3. 컨베이어 운반 제품 적재 및 하역 단순 노무 작업 등 (3톤 미만 지게차 운전 가능자 우대...,경력무관 | 학력무관 | 경기도 안산시 단원구
"홈쇼핑 기획 및 상품운영 (홈쇼핑라이브, 티커머스, 라이브방송등) - 상품 MD","연봉 | 2,400만원 ~ 4,000만원",정규 | 주5일,09:30 ~ 18:30,"담당업무 :  홈쇼핑 기획 및 상품운영 (홈쇼핑라이브, 티커머스, 라이브방송등) - 상품 MD",경력1년 | 학력무관 | 서울특별시 강남구 논현로72길
대구 달서구/달성군 1톤 탑차 식자재를 배송할 직원(지입)을 구합니다.,월급 | 150만원 ~ 170만원,시간 | (장기),02:00 ~ 09:00,담당업무 :  CJ아이누리달서점에서 책임감있는 배송직원을 구합니다. CJ프레시웨이 대구센터에서 어린이집/유치원/학교 등 주문된 제품 소분 후 배...,경력무관 | 학력무관 | 대구광역시 서구 국채보상로3길
어린이 통학버스 운전기사모집,월급 | 165만원 이상,시간 | (장기),,담당업무 :  어린이 통학버스 운전기사님 모집합니다. 대형면허필수 4대보험 가입합니다.,경력 | 학력무관 | 경기도 평택시 진위면
"단순 섭외 업무 TM 모집 - 정규직, 4대보험","연봉 | 1,800만원 이상",정규 | 주5일,10:00 ~ 17:00,"담당업무 :  ㈜씨엔오컨설팅 전화상담사(스케줄 섭외업무) 아웃바운드 TM 모집 - 정규직, 4대보험 ㈜씨엔오컨설팅은 2009년에 설립된 회사로 사원...",경력무관 | 학력무관 | 서울특별시 서초구 바우뫼로35길
"[주]바른푸드 배송,영업직 모집",월급 | 260만원 이상,정규 | 주6일,09:00 ~ 18:00,"담당업무 :  간단한 육류포장, 진공 작업 식당납품, 간단한영업 토요일 특근 포함 (인센티브 별도)",경력무관 | 학력무관 | 경기도 시흥시 검바위2로
[일죽면] 가공식품 배송기사 모집,월급 | 150만원 ~ 150만원,정규 | 주3일,,"담당업무 :  - 오이피클, 절임무 등 완제품 배송 - 업무 : 중량별로 포장 된 제품을 거래처에 납품하기 위한 배송 작업",경력무관 | 학력무관 | 경기도 안성시 일죽면
물류팀-지게차운전원모집,월급 | 210만원 ~ 240만원,정규 | 주5일,08:30 ~ 18:00,"담당업무 :  **광혜원 *유진물류 지게차운전원모집** - 직무내용 : 제춤 상, 하차 업무(3톤미만 지게차 운전자) - 근무시간 : (주간근무) 08:30~18...",경력1년 | 학력무관 | 충청북도 진천군 광혜원면
광역버스 운전원 모집,월급 | 300만원 이상,비정규 | 격일,,"담당업무 :  인천<->강남간 광역버스 운전 (9100번, 9200번, 9201번, 6405번) 격일근무/노선, 순번별로 배차별로 상이함 ※ 촉탁직 우대...",경력1년 | 학력무관 | 인천광역시 중구 서해대로94번길
"3.5톤,5톤이상 납품기사 모집(지게차운전가능자)","연봉 | 2,500만원 ~ 2,500만원",정규 | 주6일,,"담당업무 :  3.5톤 ,5톤 화물차 납품기사 정규직 사원모집( 지게차 운전가능자-제품 상하차시 필요) 현대자동차 납품 유경험자 우대",경력무관 | 학력무관 | 울산광역시 북구 효죽3길
어린이집 차량기사 모집,월급 | 70만원 ~ 70만원,시간 | (단기),,"담당업무 :  -어린이집 차량운전(15인승 스타렉스 오토 오전, 오후 운행) -통학차량운전자교육 이수 필수",경력2년 | 고졸 | ~ 대졸(4년) 전라북도
부동산 컨설턴트 / 열정 가득한 새가족을 찾습니다.,월급 | 150만원 이상,정규 | 주5일,10:00 ~ 16:30,담당업무 :  법원 경매 공매 물건(부동산)투자 관련 상담업무 단순 전화 상담 업무 모든 업무가 초보들도 금방 배울 수 있습니다. 평소 부동산 재...,경력무관 | 고졸 | ~ 석사 부산광역시
승합차 운전기사 구인,월급 | 120만원 ~ 120만원,비정규 | 주6일,,"담당업무 :  - 어르신, 입소, 퇴소시 안전운행. 일지작성 등",경력무관 | 학력무관 | 경상남도 함안군 칠원읍
통근운행 및 현장겸임 하실분 모집,"시급 | 8,590원 이상",정규 | 주5일,08:00 ~ 17:00,담당업무 :  통근운행(스타렉스 12인승)하시면서 현장 겸임(물류) 가능하신분 -장유 거주자 - 제조업 근무 경력자 및 이해 가능자 - 지게차 가능자...,경력무관 | 학력무관 | 경상남도 김해시 주촌면
출하관리사무원,"연봉 | 2,400만원 이상",정규 | 주5일,,"담당업무 :  빵가루, 해초 생산업체로 출고관리직, 창고관리 지게차 가능한 분",신입 | 학력무관 | 경상남도 김해시 안곡로
"[보람그룹] 상조, 웨딩, 크루즈 영업조직 / 소장 및 지점장 후보자 공개 채용",월급 | 300만원 ~ 500만원,정규 | 주5일,09:00 ~ 18:00,"담당업무 :  [***실업급여 및 광고때문에 전화 문의 또는 방문은 사절함****] ★담당업무★ - 조직 관리 및 조직 교육 - 리크루팅 - 상조, 웨딩, ...",경력1년 | 학력무관 | 서울특별시 성동구 왕십리로
[사회적협동조합 공유]에서 같이 일을 하고픈 직원을 모십니다,월급 | 180만원 ~ 180만원,비정규 | 주5일,09:00 ~ 18:00,담당업무 :  주요업무 : 공공기관 구매 담당자를 대상으로 구매 물품 홍보 및 영업 점보롤화장지 생산 주문상품 배달,경력무관 | 학력무관 | 세종특별자치시 금남면 도암영곡길
2.5톤 냉동탑차 기사 구인.(정규직-신입/경력),"연봉 | 3,100만원 이상",정규 | 주5일,09:00 ~ 18:00,"담당업무 :  * 2.5톤 냉동탑차 운전. * 배송업무---직영점(롯데백화점/홈플러스/거래처 등) * 급여는 신입은 회사 규정에 따르고, 경력의 경우 면...",경력무관 | 학력무관 | 경기도 광주시 오포읍
주유원모집,월급 | 200만원 ~ 200만원,정규 | 주6일,09:00 ~ 18:00,"담당업무 :  - 주유, 세차, 기름배달(1종보통 스틱운전자) - 50대까지 지원가능하며 근면성실한분 원하심.",경력무관 | 학력무관 | 경기도 남양주시 진건읍
트랙터 운전원 모집,월급 | 300만원 이상,비정규 | 격일,,담당업무 :  세종 조치원(깨끗한나라)에서 경기도 용인으로 운송 전화 통화 면접 010-2459-2317,경력무관 | 학력무관 | 대전광역시 대덕구 신탄진로
조경 현장소장 및 관리자 모집합니다,월급 | 300만원 ~ 350만원,정규 | 주6일,,"담당업무 :  조경 현장시공(인부와 같이 일하실수 있는분) 및 관리 가능하신 반장 및 소장 모집합니다. 조경현장 유경험자, 1종이상 운전면허소지 ...",경력3년 | 학력무관 | 경기도 시흥시 시흥대로
주식회사 컴플리트 온라인쇼핑몰 CS관리자 / 사무원 모집,월급 | 180만원 이상,정규 | 주5일,09:00 ~ 18:00,"담당업무 :  상담 [상담>심리상담>심리상담] 온라인 쇼핑몰관리 - 고객문의 상담 및 처리 (유선, 게시판 등등) - 온라인쇼핑몰 관리 ㅡㅡㅡ...",경력무관 | 학력무관 | 경기도 양주시 고읍남로191번길
카카오택시운전기사 모집,월급 | 200만원 ~ 250만원,정규 | 주5일,09:00 ~ 18:00,담당업무 :  카카오콜택시운전기사를 모집 당사는 연료차량과 신형 전기택시를 각 운행하고 있습니다. 택시회시 선택에 가장 중요한 입금 방식을 ...,경력무관 | 학력무관 | 대구광역시 동구 공항로
카고 25톤 운전기사 구인[울주군청 채용대행],월급 | 400만원 ~ 400만원,비정규 | 주6일,,담당업무 :  * 25톤 카고 운전자 -대형면허 필수 -지게차 자격증 필수(5T 지게차 가능자 우대),경력1년 | 학력무관 | 울산광역시 울주군 서생면
경리/사무 및 판매장 진열,월급 | 200만원 이상,정규 | 주5일,09:00 ~ 18:00,담당업무 :  아산에 위치한 로컬푸드 매장입니다.. 경리/사무/행정 업무를 기본으로 로컬푸드 판매장 상품 진열 및 캐셔 업무를 보조해 주시면 됩...,경력3년 | 고졸 | ~ 대졸(2~3년) 충청남도
물류직 입식 지게차 운전원 모집,월급 | 210만원 이상,정규 | 주5일,,담당업무 :  가공장 현장 물류 입식 지게차 운전원 모집 생산된 물품을 지게차를 이용하여 운반 3톤미만 지게차 자격증 소유자,경력무관 | 학력무관 | 충청북도 충주시 대소원면
압롤카 기사님 구합니다.,"연봉 | 2,200만원 이상",정규 | 주5일,08:00 ~ 17:00,"담당업무 :  압롤카(17톤) 운전원구합니다. - 경력자(10년이상) - 장년층,퇴직자 우대합니다.",경력10년 | 학력무관 | 경상북도 포항시 남구
배송납품원,월급 | 198만원 이상,정규 | 주6일,,담당업무 :  자동차 부품대리점으로서 자동차 정비공업사 및 카센타에 부품 배송 업무임.,경력무관 | 학력무관 | 인천광역시 서구 봉수대로
